# MagicaVoxel @ Ephtracy

# group
o Ball

# material
mtllib Ball.mtl
usemtl palette

# normals
vn -1 0 0
vn 1 0 0
vn 0 0 1
vn 0 0 -1
vn 0 -1 0
vn 0 1 0

# texcoords
vt 0.00195312 0.5
vt 0.00585938 0.5
vt 0.00976562 0.5
vt 0.0136719 0.5
vt 0.0175781 0.5
vt 0.0214844 0.5
vt 0.0253906 0.5
vt 0.0292969 0.5
vt 0.0332031 0.5
vt 0.0371094 0.5

# verts
v -0.8 0.5 0.1
v -0.8 0.5 0
v -0.8 0.5 -0.1
v -0.8 0.6 0.2
v -0.8 0.6 0.1
v -0.8 0.6 0
v -0.8 0.6 -0.1
v -0.8 0.6 -0.2
v -0.8 0.7 0.3
v -0.8 0.7 0.2
v -0.8 0.7 0.1
v -0.8 0.7 0
v -0.8 0.7 -0.1
v -0.8 0.7 -0.2
v -0.8 0.7 -0.3
v -0.8 0.8 0.3
v -0.8 0.8 0.2
v -0.8 0.8 0.1
v -0.8 0.8 0
v -0.8 0.8 -0.1
v -0.8 0.8 -0.2
v -0.8 0.8 -0.3
v -0.8 0.9 0.3
v -0.8 0.9 0.2
v -0.8 0.9 0.1
v -0.8 0.9 0
v -0.8 0.9 -0.1
v -0.8 0.9 -0.2
v -0.8 0.9 -0.3
v -0.8 1 0.2
v -0.8 1 0.1
v -0.8 1 0
v -0.8 1 -0.1
v -0.8 1 -0.2
v -0.8 1.1 0.1
v -0.8 1.1 0
v -0.8 1.1 -0.1
v -0.7 0.3 0.1
v -0.7 0.3 0
v -0.7 0.3 -0.1
v -0.7 0.4 0.3
v -0.7 0.4 0.2
v -0.7 0.4 0.1
v -0.7 0.4 -0.1
v -0.7 0.4 -0.2
v -0.7 0.4 -0.3
v -0.7 0.5 0.4
v -0.7 0.5 0.3
v -0.7 0.5 0.2
v -0.7 0.5 0.1
v -0.7 0.5 0
v -0.7 0.5 -0.1
v -0.7 0.5 -0.2
v -0.7 0.5 -0.3
v -0.7 0.5 -0.4
v -0.7 0.6 0.4
v -0.7 0.6 0.3
v -0.7 0.6 0.2
v -0.7 0.6 0.1
v -0.7 0.6 -0.1
v -0.7 0.6 -0.2
v -0.7 0.6 -0.3
v -0.7 0.6 -0.4
v -0.7 0.7 0.5
v -0.7 0.7 0.4
v -0.7 0.7 0.3
v -0.7 0.7 0.2
v -0.7 0.7 -0.2
v -0.7 0.7 -0.3
v -0.7 0.7 -0.4
v -0.7 0.7 -0.5
v -0.7 0.8 0.5
v -0.7 0.8 0.3
v -0.7 0.8 -0.3
v -0.7 0.8 -0.5
v -0.7 0.9 0.5
v -0.7 0.9 0.4
v -0.7 0.9 0.3
v -0.7 0.9 0.2
v -0.7 0.9 -0.2
v -0.7 0.9 -0.3
v -0.7 0.9 -0.4
v -0.7 0.9 -0.5
v -0.7 1 0.4
v -0.7 1 0.3
v -0.7 1 0.2
v -0.7 1 0.1
v -0.7 1 -0.1
v -0.7 1 -0.2
v -0.7 1 -0.3
v -0.7 1 -0.4
v -0.7 1.1 0.4
v -0.7 1.1 0.3
v -0.7 1.1 0.2
v -0.7 1.1 0.1
v -0.7 1.1 0
v -0.7 1.1 -0.1
v -0.7 1.1 -0.2
v -0.7 1.1 -0.3
v -0.7 1.1 -0.4
v -0.7 1.2 0.3
v -0.7 1.2 0.2
v -0.7 1.2 0.1
v -0.7 1.2 -0.1
v -0.7 1.2 -0.2
v -0.7 1.2 -0.3
v -0.7 1.3 0.1
v -0.7 1.3 0
v -0.7 1.3 -0.1
v -0.6 0.2 0.2
v -0.6 0.2 0
v -0.6 0.2 -0.1
v -0.6 0.2 -0.2
v -0.6 0.3 0.4
v -0.6 0.3 0.2
v -0.6 0.3 0.1
v -0.6 0.3 0
v -0.6 0.3 -0.1
v -0.6 0.3 -0.2
v -0.6 0.3 -0.4
v -0.6 0.4 0.5
v -0.6 0.4 0.4
v -0.6 0.4 0.3
v -0.6 0.4 0.2
v -0.6 0.4 0.1
v -0.6 0.4 -0.1
v -0.6 0.4 -0.2
v -0.6 0.4 -0.3
v -0.6 0.4 -0.4
v -0.6 0.4 -0.5
v -0.6 0.5 0.5
v -0.6 0.5 0.4
v -0.6 0.5 0.3
v -0.6 0.5 -0.3
v -0.6 0.5 -0.4
v -0.6 0.5 -0.5
v -0.6 0.6 0.6
v -0.6 0.6 0.5
v -0.6 0.6 0.4
v -0.6 0.6 -0.4
v -0.6 0.6 -0.5
v -0.6 0.6 -0.6
v -0.6 0.7 0.6
v -0.6 0.7 0.5
v -0.6 0.7 0.4
v -0.6 0.7 -0.4
v -0.6 0.7 -0.5
v -0.6 0.7 -0.6
v -0.6 0.8 0.6
v -0.6 0.8 0.5
v -0.6 0.8 -0.5
v -0.6 0.8 -0.6
v -0.6 0.9 0.6
v -0.6 0.9 0.5
v -0.6 0.9 0.4
v -0.6 0.9 -0.4
v -0.6 0.9 -0.5
v -0.6 0.9 -0.6
v -0.6 1 0.6
v -0.6 1 0.5
v -0.6 1 0.4
v -0.6 1 -0.4
v -0.6 1 -0.5
v -0.6 1 -0.6
v -0.6 1.1 0.5
v -0.6 1.1 0.4
v -0.6 1.1 0.3
v -0.6 1.1 -0.3
v -0.6 1.1 -0.4
v -0.6 1.1 -0.5
v -0.6 1.2 0.5
v -0.6 1.2 0.4
v -0.6 1.2 0.3
v -0.6 1.2 0.2
v -0.6 1.2 0.1
v -0.6 1.2 -0.1
v -0.6 1.2 -0.2
v -0.6 1.2 -0.3
v -0.6 1.2 -0.4
v -0.6 1.2 -0.5
v -0.6 1.3 0.4
v -0.6 1.3 0.3
v -0.6 1.3 0.2
v -0.6 1.3 0.1
v -0.6 1.3 0
v -0.6 1.3 -0.1
v -0.6 1.3 -0.2
v -0.6 1.3 -0.3
v -0.6 1.3 -0.4
v -0.6 1.4 0.2
v -0.6 1.4 0.1
v -0.6 1.4 0
v -0.6 1.4 -0.2
v -0.5 0.1 0.1
v -0.5 0.1 0
v -0.5 0.1 -0.1
v -0.5 0.2 0.4
v -0.5 0.2 0.2
v -0.5 0.2 0.1
v -0.5 0.2 0
v -0.5 0.2 -0.1
v -0.5 0.2 -0.2
v -0.5 0.2 -0.3
v -0.5 0.2 -0.4
v -0.5 0.3 0.5
v -0.5 0.3 0.4
v -0.5 0.3 0.2
v -0.5 0.3 -0.2
v -0.5 0.3 -0.3
v -0.5 0.3 -0.4
v -0.5 0.3 -0.5
v -0.5 0.4 0.6
v -0.5 0.4 0.5
v -0.5 0.4 0.4
v -0.5 0.4 -0.4
v -0.5 0.4 -0.5
v -0.5 0.4 -0.6
v -0.5 0.5 0.6
v -0.5 0.5 0.5
v -0.5 0.5 -0.5
v -0.5 0.5 -0.6
v -0.5 0.6 0.6
v -0.5 0.6 0.5
v -0.5 0.6 -0.5
v -0.5 0.6 -0.6
v -0.5 0.7 0.7
v -0.5 0.7 0.6
v -0.5 0.7 -0.6
v -0.5 0.7 -0.7
v -0.5 0.8 0.7
v -0.5 0.8 0.6
v -0.5 0.8 -0.6
v -0.5 0.8 -0.7
v -0.5 0.9 0.7
v -0.5 0.9 0.6
v -0.5 0.9 -0.6
v -0.5 0.9 -0.7
v -0.5 1 0.6
v -0.5 1 0.5
v -0.5 1 -0.5
v -0.5 1 -0.6
v -0.5 1.1 0.6
v -0.5 1.1 0.5
v -0.5 1.1 -0.5
v -0.5 1.1 -0.6
v -0.5 1.2 0.6
v -0.5 1.2 0.5
v -0.5 1.2 0.4
v -0.5 1.2 -0.4
v -0.5 1.2 -0.5
v -0.5 1.2 -0.6
v -0.5 1.3 0.5
v -0.5 1.3 0.4
v -0.5 1.3 0.3
v -0.5 1.3 0.2
v -0.5 1.3 -0.2
v -0.5 1.3 -0.3
v -0.5 1.3 -0.4
v -0.5 1.3 -0.5
v -0.5 1.4 0.4
v -0.5 1.4 0.3
v -0.5 1.4 0.2
v -0.5 1.4 0.1
v -0.5 1.4 0
v -0.5 1.4 -0.1
v -0.5 1.4 -0.2
v -0.5 1.4 -0.3
v -0.5 1.4 -0.4
v -0.5 1.5 0.1
v -0.5 1.5 0
v -0.5 1.5 -0.1
v -0.4 0.1 0.3
v -0.4 0.1 0.2
v -0.4 0.1 0.1
v -0.4 0.1 -0.1
v -0.4 0.1 -0.3
v -0.4 0.2 0.5
v -0.4 0.2 0.4
v -0.4 0.2 0.3
v -0.4 0.2 0.2
v -0.4 0.2 0.1
v -0.4 0.2 -0.1
v -0.4 0.2 -0.3
v -0.4 0.2 -0.4
v -0.4 0.2 -0.5
v -0.4 0.3 0.6
v -0.4 0.3 0.5
v -0.4 0.3 0.4
v -0.4 0.3 -0.4
v -0.4 0.3 -0.5
v -0.4 0.3 -0.6
v -0.4 0.4 0.6
v -0.4 0.4 0.5
v -0.4 0.4 -0.5
v -0.4 0.4 -0.6
v -0.4 0.5 0.7
v -0.4 0.5 0.6
v -0.4 0.5 -0.6
v -0.4 0.5 -0.7
v -0.4 0.6 0.7
v -0.4 0.6 0.6
v -0.4 0.6 -0.6
v -0.4 0.6 -0.7
v -0.4 0.7 0.7
v -0.4 0.7 0.6
v -0.4 0.7 -0.6
v -0.4 0.7 -0.7
v -0.4 0.9 0.7
v -0.4 0.9 0.6
v -0.4 0.9 -0.6
v -0.4 0.9 -0.7
v -0.4 1 0.7
v -0.4 1 0.6
v -0.4 1 -0.6
v -0.4 1 -0.7
v -0.4 1.1 0.7
v -0.4 1.1 0.6
v -0.4 1.1 -0.6
v -0.4 1.1 -0.7
v -0.4 1.2 0.6
v -0.4 1.2 0.5
v -0.4 1.2 -0.5
v -0.4 1.2 -0.6
v -0.4 1.3 0.6
v -0.4 1.3 0.5
v -0.4 1.3 0.4
v -0.4 1.3 -0.4
v -0.4 1.3 -0.5
v -0.4 1.3 -0.6
v -0.4 1.4 0.5
v -0.4 1.4 0.4
v -0.4 1.4 0.3
v -0.4 1.4 0.2
v -0.4 1.4 0.1
v -0.4 1.4 -0.1
v -0.4 1.4 -0.2
v -0.4 1.4 -0.3
v -0.4 1.4 -0.4
v -0.4 1.4 -0.5
v -0.4 1.5 0.3
v -0.4 1.5 0.2
v -0.4 1.5 0.1
v -0.4 1.5 -0.1
v -0.4 1.5 -0.2
v -0.4 1.5 -0.3
v -0.3 0 0.1
v -0.3 0 0
v -0.3 0 -0.1
v -0.3 0.1 0.4
v -0.3 0.1 0.3
v -0.3 0.1 0.1
v -0.3 0.1 0
v -0.3 0.1 -0.1
v -0.3 0.1 -0.3
v -0.3 0.1 -0.4
v -0.3 0.2 0.4
v -0.3 0.2 0.3
v -0.3 0.2 -0.3
v -0.3 0.2 -0.4
v -0.3 0.4 0.7
v -0.3 0.4 0.6
v -0.3 0.4 -0.6
v -0.3 0.4 -0.7
v -0.3 0.5 0.7
v -0.3 0.5 0.6
v -0.3 0.5 -0.6
v -0.3 0.5 -0.7
v -0.3 0.7 0.8
v -0.3 0.7 0.7
v -0.3 0.7 -0.7
v -0.3 0.7 -0.8
v -0.3 0.8 0.8
v -0.3 0.8 0.7
v -0.3 0.8 -0.7
v -0.3 0.8 -0.8
v -0.3 0.9 0.8
v -0.3 0.9 0.7
v -0.3 0.9 -0.7
v -0.3 0.9 -0.8
v -0.3 1.1 0.7
v -0.3 1.1 0.6
v -0.3 1.1 -0.6
v -0.3 1.1 -0.7
v -0.3 1.2 0.7
v -0.3 1.2 0.6
v -0.3 1.2 -0.6
v -0.3 1.2 -0.7
v -0.3 1.4 0.4
v -0.3 1.4 0.3
v -0.3 1.4 -0.3
v -0.3 1.4 -0.4
v -0.3 1.5 0.4
v -0.3 1.5 0.3
v -0.3 1.5 0.1
v -0.3 1.5 0
v -0.3 1.5 -0.1
v -0.3 1.5 -0.3
v -0.3 1.5 -0.4
v -0.3 1.6 0.1
v -0.3 1.6 0
v -0.3 1.6 -0.1
v -0.2 0 0.2
v -0.2 0 0.1
v -0.2 0 -0.1
v -0.2 0 -0.2
v -0.2 0.1 0.2
v -0.2 0.1 0.1
v -0.2 0.1 -0.1
v -0.2 0.1 -0.2
v -0.2 0.2 0.6
v -0.2 0.2 0.5
v -0.2 0.2 -0.5
v -0.2 0.2 -0.6
v -0.2 0.3 0.6
v -0.2 0.3 0.5
v -0.2 0.3 -0.5
v -0.2 0.3 -0.6
v -0.2 0.6 0.8
v -0.2 0.6 0.7
v -0.2 0.6 -0.7
v -0.2 0.6 -0.8
v -0.2 0.7 0.8
v -0.2 0.7 0.7
v -0.2 0.7 -0.7
v -0.2 0.7 -0.8
v -0.2 0.9 0.8
v -0.2 0.9 0.7
v -0.2 0.9 -0.7
v -0.2 0.9 -0.8
v -0.2 1 0.8
v -0.2 1 0.7
v -0.2 1 -0.7
v -0.2 1 -0.8
v -0.2 1.3 0.6
v -0.2 1.3 0.5
v -0.2 1.3 -0.5
v -0.2 1.3 -0.6
v -0.2 1.4 0.6
v -0.2 1.4 0.5
v -0.2 1.4 -0.5
v -0.2 1.4 -0.6
v -0.2 1.5 0.2
v -0.2 1.5 0.1
v -0.2 1.5 -0.1
v -0.2 1.5 -0.2
v -0.2 1.6 0.2
v -0.2 1.6 0.1
v -0.2 1.6 -0.1
v -0.2 1.6 -0.2
v -0.1 0 0.3
v -0.1 0 0.2
v -0.1 0 -0.2
v -0.1 0 -0.3
v -0.1 0.1 0.5
v -0.1 0.1 0.4
v -0.1 0.1 0.3
v -0.1 0.1 0.2
v -0.1 0.1 -0.2
v -0.1 0.1 -0.3
v -0.1 0.1 -0.4
v -0.1 0.1 -0.5
v -0.1 0.2 0.5
v -0.1 0.2 0.4
v -0.1 0.2 -0.4
v -0.1 0.2 -0.5
v -0.1 0.3 0.7
v -0.1 0.3 0.6
v -0.1 0.3 -0.6
v -0.1 0.3 -0.7
v -0.1 0.4 0.7
v -0.1 0.4 0.6
v -0.1 0.4 -0.6
v -0.1 0.4 -0.7
v -0.1 0.5 0.8
v -0.1 0.5 0.7
v -0.1 0.5 -0.7
v -0.1 0.5 -0.8
v -0.1 0.6 0.8
v -0.1 0.6 0.7
v -0.1 0.6 -0.7
v -0.1 0.6 -0.8
v -0.1 1 0.8
v -0.1 1 0.7
v -0.1 1 -0.7
v -0.1 1 -0.8
v -0.1 1.1 0.8
v -0.1 1.1 0.7
v -0.1 1.1 -0.7
v -0.1 1.1 -0.8
v -0.1 1.2 0.7
v -0.1 1.2 0.6
v -0.1 1.2 -0.6
v -0.1 1.2 -0.7
v -0.1 1.3 0.7
v -0.1 1.3 0.6
v -0.1 1.3 -0.6
v -0.1 1.3 -0.7
v -0.1 1.4 0.5
v -0.1 1.4 0.4
v -0.1 1.4 -0.4
v -0.1 1.4 -0.5
v -0.1 1.5 0.5
v -0.1 1.5 0.4
v -0.1 1.5 0.3
v -0.1 1.5 0.2
v -0.1 1.5 -0.2
v -0.1 1.5 -0.3
v -0.1 1.5 -0.4
v -0.1 1.5 -0.5
v -0.1 1.6 0.3
v -0.1 1.6 0.2
v -0.1 1.6 -0.2
v -0.1 1.6 -0.3
v 0.1 0 0.3
v 0.1 0 0.2
v 0.1 0 -0.2
v 0.1 0 -0.3
v 0.1 0.1 0.5
v 0.1 0.1 0.4
v 0.1 0.1 0.3
v 0.1 0.1 0.2
v 0.1 0.1 -0.2
v 0.1 0.1 -0.3
v 0.1 0.1 -0.4
v 0.1 0.1 -0.5
v 0.1 0.2 0.5
v 0.1 0.2 0.4
v 0.1 0.2 -0.4
v 0.1 0.2 -0.5
v 0.1 0.3 0.7
v 0.1 0.3 0.6
v 0.1 0.3 -0.6
v 0.1 0.3 -0.7
v 0.1 0.4 0.7
v 0.1 0.4 0.6
v 0.1 0.4 -0.6
v 0.1 0.4 -0.7
v 0.1 0.5 0.8
v 0.1 0.5 0.7
v 0.1 0.5 -0.7
v 0.1 0.5 -0.8
v 0.1 0.6 0.8
v 0.1 0.6 0.7
v 0.1 0.6 -0.7
v 0.1 0.6 -0.8
v 0.1 1 0.8
v 0.1 1 0.7
v 0.1 1 -0.7
v 0.1 1 -0.8
v 0.1 1.1 0.8
v 0.1 1.1 0.7
v 0.1 1.1 -0.7
v 0.1 1.1 -0.8
v 0.1 1.2 0.7
v 0.1 1.2 0.6
v 0.1 1.2 -0.6
v 0.1 1.2 -0.7
v 0.1 1.3 0.7
v 0.1 1.3 0.6
v 0.1 1.3 -0.6
v 0.1 1.3 -0.7
v 0.1 1.4 0.5
v 0.1 1.4 0.4
v 0.1 1.4 -0.4
v 0.1 1.4 -0.5
v 0.1 1.5 0.5
v 0.1 1.5 0.4
v 0.1 1.5 0.3
v 0.1 1.5 0.2
v 0.1 1.5 -0.2
v 0.1 1.5 -0.3
v 0.1 1.5 -0.4
v 0.1 1.5 -0.5
v 0.1 1.6 0.3
v 0.1 1.6 0.2
v 0.1 1.6 -0.2
v 0.1 1.6 -0.3
v 0.2 0 0.2
v 0.2 0 0.1
v 0.2 0 -0.1
v 0.2 0 -0.2
v 0.2 0.1 0.2
v 0.2 0.1 0.1
v 0.2 0.1 -0.1
v 0.2 0.1 -0.2
v 0.2 0.2 0.6
v 0.2 0.2 0.5
v 0.2 0.2 -0.5
v 0.2 0.2 -0.6
v 0.2 0.3 0.6
v 0.2 0.3 0.5
v 0.2 0.3 -0.5
v 0.2 0.3 -0.6
v 0.2 0.6 0.8
v 0.2 0.6 0.7
v 0.2 0.6 -0.7
v 0.2 0.6 -0.8
v 0.2 0.7 0.8
v 0.2 0.7 0.7
v 0.2 0.7 -0.7
v 0.2 0.7 -0.8
v 0.2 0.9 0.8
v 0.2 0.9 0.7
v 0.2 0.9 -0.7
v 0.2 0.9 -0.8
v 0.2 1 0.8
v 0.2 1 0.7
v 0.2 1 -0.7
v 0.2 1 -0.8
v 0.2 1.3 0.6
v 0.2 1.3 0.5
v 0.2 1.3 -0.5
v 0.2 1.3 -0.6
v 0.2 1.4 0.6
v 0.2 1.4 0.5
v 0.2 1.4 -0.5
v 0.2 1.4 -0.6
v 0.2 1.5 0.2
v 0.2 1.5 0.1
v 0.2 1.5 -0.1
v 0.2 1.5 -0.2
v 0.2 1.6 0.2
v 0.2 1.6 0.1
v 0.2 1.6 -0.1
v 0.2 1.6 -0.2
v 0.3 0 0.1
v 0.3 0 0
v 0.3 0 -0.1
v 0.3 0.1 0.4
v 0.3 0.1 0.3
v 0.3 0.1 0.1
v 0.3 0.1 0
v 0.3 0.1 -0.1
v 0.3 0.1 -0.3
v 0.3 0.1 -0.4
v 0.3 0.2 0.4
v 0.3 0.2 0.3
v 0.3 0.2 -0.3
v 0.3 0.2 -0.4
v 0.3 0.4 0.7
v 0.3 0.4 0.6
v 0.3 0.4 -0.6
v 0.3 0.4 -0.7
v 0.3 0.5 0.7
v 0.3 0.5 0.6
v 0.3 0.5 -0.6
v 0.3 0.5 -0.7
v 0.3 0.7 0.8
v 0.3 0.7 0.7
v 0.3 0.7 -0.7
v 0.3 0.7 -0.8
v 0.3 0.8 0.8
v 0.3 0.8 0.7
v 0.3 0.8 -0.7
v 0.3 0.8 -0.8
v 0.3 0.9 0.8
v 0.3 0.9 0.7
v 0.3 0.9 -0.7
v 0.3 0.9 -0.8
v 0.3 1.1 0.7
v 0.3 1.1 0.6
v 0.3 1.1 -0.6
v 0.3 1.1 -0.7
v 0.3 1.2 0.7
v 0.3 1.2 0.6
v 0.3 1.2 -0.6
v 0.3 1.2 -0.7
v 0.3 1.4 0.4
v 0.3 1.4 0.3
v 0.3 1.4 -0.3
v 0.3 1.4 -0.4
v 0.3 1.5 0.4
v 0.3 1.5 0.3
v 0.3 1.5 0.1
v 0.3 1.5 0
v 0.3 1.5 -0.1
v 0.3 1.5 -0.3
v 0.3 1.5 -0.4
v 0.3 1.6 0.1
v 0.3 1.6 0
v 0.3 1.6 -0.1
v 0.4 0.1 0.3
v 0.4 0.1 0.1
v 0.4 0.1 -0.1
v 0.4 0.1 -0.2
v 0.4 0.1 -0.3
v 0.4 0.2 0.5
v 0.4 0.2 0.4
v 0.4 0.2 0.3
v 0.4 0.2 0.1
v 0.4 0.2 -0.1
v 0.4 0.2 -0.2
v 0.4 0.2 -0.3
v 0.4 0.2 -0.4
v 0.4 0.2 -0.5
v 0.4 0.3 0.6
v 0.4 0.3 0.5
v 0.4 0.3 0.4
v 0.4 0.3 -0.4
v 0.4 0.3 -0.5
v 0.4 0.3 -0.6
v 0.4 0.4 0.6
v 0.4 0.4 0.5
v 0.4 0.4 -0.5
v 0.4 0.4 -0.6
v 0.4 0.5 0.7
v 0.4 0.5 0.6
v 0.4 0.5 -0.6
v 0.4 0.5 -0.7
v 0.4 0.6 0.7
v 0.4 0.6 0.6
v 0.4 0.6 -0.6
v 0.4 0.6 -0.7
v 0.4 0.7 0.7
v 0.4 0.7 0.6
v 0.4 0.7 -0.6
v 0.4 0.7 -0.7
v 0.4 0.9 0.7
v 0.4 0.9 0.6
v 0.4 0.9 -0.6
v 0.4 0.9 -0.7
v 0.4 1 0.7
v 0.4 1 0.6
v 0.4 1 -0.6
v 0.4 1 -0.7
v 0.4 1.1 0.7
v 0.4 1.1 0.6
v 0.4 1.1 -0.6
v 0.4 1.1 -0.7
v 0.4 1.2 0.6
v 0.4 1.2 0.5
v 0.4 1.2 -0.5
v 0.4 1.2 -0.6
v 0.4 1.3 0.6
v 0.4 1.3 0.5
v 0.4 1.3 0.4
v 0.4 1.3 -0.4
v 0.4 1.3 -0.5
v 0.4 1.3 -0.6
v 0.4 1.4 0.5
v 0.4 1.4 0.4
v 0.4 1.4 0.3
v 0.4 1.4 0.2
v 0.4 1.4 0.1
v 0.4 1.4 -0.1
v 0.4 1.4 -0.2
v 0.4 1.4 -0.3
v 0.4 1.4 -0.4
v 0.4 1.4 -0.5
v 0.4 1.5 0.3
v 0.4 1.5 0.2
v 0.4 1.5 0.1
v 0.4 1.5 -0.1
v 0.4 1.5 -0.2
v 0.4 1.5 -0.3
v 0.5 0.1 0.1
v 0.5 0.1 0
v 0.5 0.1 -0.1
v 0.5 0.2 0.4
v 0.5 0.2 0.3
v 0.5 0.2 0.2
v 0.5 0.2 0.1
v 0.5 0.2 0
v 0.5 0.2 -0.1
v 0.5 0.2 -0.2
v 0.5 0.2 -0.4
v 0.5 0.3 0.5
v 0.5 0.3 0.4
v 0.5 0.3 0.3
v 0.5 0.3 0.2
v 0.5 0.3 -0.2
v 0.5 0.3 -0.4
v 0.5 0.3 -0.5
v 0.5 0.4 0.6
v 0.5 0.4 0.5
v 0.5 0.4 0.4
v 0.5 0.4 -0.4
v 0.5 0.4 -0.5
v 0.5 0.4 -0.6
v 0.5 0.5 0.6
v 0.5 0.5 0.5
v 0.5 0.5 -0.5
v 0.5 0.5 -0.6
v 0.5 0.6 0.6
v 0.5 0.6 0.5
v 0.5 0.6 -0.5
v 0.5 0.6 -0.6
v 0.5 0.7 0.7
v 0.5 0.7 0.6
v 0.5 0.7 -0.6
v 0.5 0.7 -0.7
v 0.5 0.8 0.7
v 0.5 0.8 0.6
v 0.5 0.8 -0.6
v 0.5 0.8 -0.7
v 0.5 0.9 0.7
v 0.5 0.9 0.6
v 0.5 0.9 -0.6
v 0.5 0.9 -0.7
v 0.5 1 0.6
v 0.5 1 0.5
v 0.5 1 -0.5
v 0.5 1 -0.6
v 0.5 1.1 0.6
v 0.5 1.1 0.5
v 0.5 1.1 -0.5
v 0.5 1.1 -0.6
v 0.5 1.2 0.6
v 0.5 1.2 0.5
v 0.5 1.2 0.4
v 0.5 1.2 -0.4
v 0.5 1.2 -0.5
v 0.5 1.2 -0.6
v 0.5 1.3 0.5
v 0.5 1.3 0.4
v 0.5 1.3 0.3
v 0.5 1.3 0.2
v 0.5 1.3 -0.2
v 0.5 1.3 -0.3
v 0.5 1.3 -0.4
v 0.5 1.3 -0.5
v 0.5 1.4 0.4
v 0.5 1.4 0.3
v 0.5 1.4 0.2
v 0.5 1.4 0.1
v 0.5 1.4 0
v 0.5 1.4 -0.1
v 0.5 1.4 -0.2
v 0.5 1.4 -0.3
v 0.5 1.4 -0.4
v 0.5 1.5 0.1
v 0.5 1.5 0
v 0.5 1.5 -0.1
v 0.6 0.2 0.2
v 0.6 0.2 0.1
v 0.6 0.2 0
v 0.6 0.2 -0.2
v 0.6 0.3 0.4
v 0.6 0.3 0.2
v 0.6 0.3 0.1
v 0.6 0.3 0
v 0.6 0.3 -0.1
v 0.6 0.3 -0.2
v 0.6 0.3 -0.4
v 0.6 0.4 0.5
v 0.6 0.4 0.4
v 0.6 0.4 0.3
v 0.6 0.4 0.2
v 0.6 0.4 0.1
v 0.6 0.4 -0.1
v 0.6 0.4 -0.2
v 0.6 0.4 -0.3
v 0.6 0.4 -0.4
v 0.6 0.4 -0.5
v 0.6 0.5 0.5
v 0.6 0.5 0.4
v 0.6 0.5 0.3
v 0.6 0.5 -0.3
v 0.6 0.5 -0.4
v 0.6 0.5 -0.5
v 0.6 0.6 0.6
v 0.6 0.6 0.5
v 0.6 0.6 0.4
v 0.6 0.6 -0.4
v 0.6 0.6 -0.5
v 0.6 0.6 -0.6
v 0.6 0.7 0.6
v 0.6 0.7 0.5
v 0.6 0.7 0.4
v 0.6 0.7 -0.4
v 0.6 0.7 -0.5
v 0.6 0.7 -0.6
v 0.6 0.8 0.6
v 0.6 0.8 0.5
v 0.6 0.8 -0.5
v 0.6 0.8 -0.6
v 0.6 0.9 0.6
v 0.6 0.9 0.5
v 0.6 0.9 0.4
v 0.6 0.9 -0.4
v 0.6 0.9 -0.5
v 0.6 0.9 -0.6
v 0.6 1 0.6
v 0.6 1 0.5
v 0.6 1 0.4
v 0.6 1 -0.4
v 0.6 1 -0.5
v 0.6 1 -0.6
v 0.6 1.1 0.5
v 0.6 1.1 0.4
v 0.6 1.1 0.3
v 0.6 1.1 -0.3
v 0.6 1.1 -0.4
v 0.6 1.1 -0.5
v 0.6 1.2 0.5
v 0.6 1.2 0.4
v 0.6 1.2 0.3
v 0.6 1.2 0.2
v 0.6 1.2 0.1
v 0.6 1.2 -0.1
v 0.6 1.2 -0.2
v 0.6 1.2 -0.3
v 0.6 1.2 -0.4
v 0.6 1.2 -0.5
v 0.6 1.3 0.4
v 0.6 1.3 0.3
v 0.6 1.3 0.2
v 0.6 1.3 0.1
v 0.6 1.3 0
v 0.6 1.3 -0.1
v 0.6 1.3 -0.2
v 0.6 1.3 -0.3
v 0.6 1.3 -0.4
v 0.6 1.4 0.2
v 0.6 1.4 0
v 0.6 1.4 -0.1
v 0.6 1.4 -0.2
v 0.7 0.3 0.1
v 0.7 0.3 0
v 0.7 0.3 -0.1
v 0.7 0.4 0.3
v 0.7 0.4 0.2
v 0.7 0.4 0.1
v 0.7 0.4 -0.1
v 0.7 0.4 -0.2
v 0.7 0.4 -0.3
v 0.7 0.5 0.4
v 0.7 0.5 0.3
v 0.7 0.5 0.2
v 0.7 0.5 0.1
v 0.7 0.5 0
v 0.7 0.5 -0.1
v 0.7 0.5 -0.2
v 0.7 0.5 -0.3
v 0.7 0.5 -0.4
v 0.7 0.6 0.4
v 0.7 0.6 0.3
v 0.7 0.6 0.2
v 0.7 0.6 0.1
v 0.7 0.6 -0.1
v 0.7 0.6 -0.2
v 0.7 0.6 -0.3
v 0.7 0.6 -0.4
v 0.7 0.7 0.5
v 0.7 0.7 0.4
v 0.7 0.7 0.3
v 0.7 0.7 0.2
v 0.7 0.7 -0.2
v 0.7 0.7 -0.3
v 0.7 0.7 -0.4
v 0.7 0.7 -0.5
v 0.7 0.8 0.5
v 0.7 0.8 0.3
v 0.7 0.8 -0.3
v 0.7 0.8 -0.5
v 0.7 0.9 0.5
v 0.7 0.9 0.4
v 0.7 0.9 0.3
v 0.7 0.9 0.2
v 0.7 0.9 -0.2
v 0.7 0.9 -0.3
v 0.7 0.9 -0.4
v 0.7 0.9 -0.5
v 0.7 1 0.4
v 0.7 1 0.3
v 0.7 1 0.2
v 0.7 1 0.1
v 0.7 1 -0.1
v 0.7 1 -0.2
v 0.7 1 -0.3
v 0.7 1 -0.4
v 0.7 1.1 0.4
v 0.7 1.1 0.3
v 0.7 1.1 0.2
v 0.7 1.1 0.1
v 0.7 1.1 0
v 0.7 1.1 -0.1
v 0.7 1.1 -0.2
v 0.7 1.1 -0.3
v 0.7 1.1 -0.4
v 0.7 1.2 0.3
v 0.7 1.2 0.2
v 0.7 1.2 0.1
v 0.7 1.2 -0.1
v 0.7 1.2 -0.2
v 0.7 1.2 -0.3
v 0.7 1.3 0.1
v 0.7 1.3 0
v 0.7 1.3 -0.1
v 0.8 0.5 0.1
v 0.8 0.5 0
v 0.8 0.5 -0.1
v 0.8 0.6 0.2
v 0.8 0.6 0.1
v 0.8 0.6 0
v 0.8 0.6 -0.1
v 0.8 0.6 -0.2
v 0.8 0.7 0.3
v 0.8 0.7 0.2
v 0.8 0.7 0.1
v 0.8 0.7 0
v 0.8 0.7 -0.1
v 0.8 0.7 -0.2
v 0.8 0.7 -0.3
v 0.8 0.8 0.3
v 0.8 0.8 0.2
v 0.8 0.8 0.1
v 0.8 0.8 0
v 0.8 0.8 -0.1
v 0.8 0.8 -0.2
v 0.8 0.8 -0.3
v 0.8 0.9 0.3
v 0.8 0.9 0.2
v 0.8 0.9 0.1
v 0.8 0.9 0
v 0.8 0.9 -0.1
v 0.8 0.9 -0.2
v 0.8 0.9 -0.3
v 0.8 1 0.2
v 0.8 1 0.1
v 0.8 1 0
v 0.8 1 -0.1
v 0.8 1 -0.2
v 0.8 1.1 0.1
v 0.8 1.1 0
v 0.8 1.1 -0.1
v -0.3 0.7 0.8
v -0.3 0.8 0.8
v -0.3 0.9 0.8
v -0.2 0.6 0.8
v -0.2 0.7 0.8
v -0.2 0.8 0.8
v -0.2 0.9 0.8
v -0.2 1 0.8
v -0.1 0.5 0.8
v -0.1 0.6 0.8
v -0.1 0.7 0.8
v -0.1 0.8 0.8
v -0.1 0.9 0.8
v -0.1 1 0.8
v -0.1 1.1 0.8
v 0 0.5 0.8
v 0 0.6 0.8
v 0 0.7 0.8
v 0 0.8 0.8
v 0 0.9 0.8
v 0 1 0.8
v 0 1.1 0.8
v 0.1 0.5 0.8
v 0.1 0.6 0.8
v 0.1 0.7 0.8
v 0.1 0.8 0.8
v 0.1 0.9 0.8
v 0.1 1 0.8
v 0.1 1.1 0.8
v 0.2 0.6 0.8
v 0.2 0.7 0.8
v 0.2 0.8 0.8
v 0.2 0.9 0.8
v 0.2 1 0.8
v 0.3 0.7 0.8
v 0.3 0.8 0.8
v 0.3 0.9 0.8
v -0.5 0.7 0.7
v -0.5 0.8 0.7
v -0.5 0.9 0.7
v -0.4 0.5 0.7
v -0.4 0.6 0.7
v -0.4 0.7 0.7
v -0.4 0.9 0.7
v -0.4 1 0.7
v -0.4 1.1 0.7
v -0.3 0.4 0.7
v -0.3 0.5 0.7
v -0.3 0.6 0.7
v -0.3 0.7 0.7
v -0.3 0.8 0.7
v -0.3 0.9 0.7
v -0.3 1 0.7
v -0.3 1.1 0.7
v -0.3 1.2 0.7
v -0.2 0.4 0.7
v -0.2 0.5 0.7
v -0.2 0.6 0.7
v -0.2 0.7 0.7
v -0.2 0.9 0.7
v -0.2 1 0.7
v -0.2 1.1 0.7
v -0.2 1.2 0.7
v -0.1 0.3 0.7
v -0.1 0.4 0.7
v -0.1 0.5 0.7
v -0.1 0.6 0.7
v -0.1 1 0.7
v -0.1 1.1 0.7
v -0.1 1.2 0.7
v -0.1 1.3 0.7
v 0 0.3 0.7
v 0 0.5 0.7
v 0 1.1 0.7
v 0 1.3 0.7
v 0.1 0.3 0.7
v 0.1 0.4 0.7
v 0.1 0.5 0.7
v 0.1 0.6 0.7
v 0.1 1 0.7
v 0.1 1.1 0.7
v 0.1 1.2 0.7
v 0.1 1.3 0.7
v 0.2 0.4 0.7
v 0.2 0.5 0.7
v 0.2 0.6 0.7
v 0.2 0.7 0.7
v 0.2 0.9 0.7
v 0.2 1 0.7
v 0.2 1.1 0.7
v 0.2 1.2 0.7
v 0.3 0.4 0.7
v 0.3 0.5 0.7
v 0.3 0.6 0.7
v 0.3 0.7 0.7
v 0.3 0.8 0.7
v 0.3 0.9 0.7
v 0.3 1 0.7
v 0.3 1.1 0.7
v 0.3 1.2 0.7
v 0.4 0.5 0.7
v 0.4 0.6 0.7
v 0.4 0.7 0.7
v 0.4 0.9 0.7
v 0.4 1 0.7
v 0.4 1.1 0.7
v 0.5 0.7 0.7
v 0.5 0.8 0.7
v 0.5 0.9 0.7
v -0.6 0.6 0.6
v -0.6 0.7 0.6
v -0.6 0.8 0.6
v -0.6 0.9 0.6
v -0.6 1 0.6
v -0.5 0.4 0.6
v -0.5 0.5 0.6
v -0.5 0.6 0.6
v -0.5 0.7 0.6
v -0.5 0.8 0.6
v -0.5 0.9 0.6
v -0.5 1 0.6
v -0.5 1.1 0.6
v -0.5 1.2 0.6
v -0.4 0.3 0.6
v -0.4 0.4 0.6
v -0.4 0.5 0.6
v -0.4 0.6 0.6
v -0.4 0.7 0.6
v -0.4 0.9 0.6
v -0.4 1 0.6
v -0.4 1.1 0.6
v -0.4 1.2 0.6
v -0.4 1.3 0.6
v -0.3 0.4 0.6
v -0.3 0.5 0.6
v -0.3 1.1 0.6
v -0.3 1.2 0.6
v -0.3 1.3 0.6
v -0.2 0.2 0.6
v -0.2 0.3 0.6
v -0.2 0.4 0.6
v -0.2 1.2 0.6
v -0.2 1.3 0.6
v -0.2 1.4 0.6
v -0.1 0.2 0.6
v -0.1 0.3 0.6
v -0.1 0.4 0.6
v -0.1 1.2 0.6
v -0.1 1.3 0.6
v -0.1 1.4 0.6
v 0 0.2 0.6
v 0 0.3 0.6
v 0 1.3 0.6
v 0 1.4 0.6
v 0.1 0.3 0.6
v 0.1 0.4 0.6
v 0.1 1.2 0.6
v 0.1 1.3 0.6
v 0.1 1.4 0.6
v 0.2 0.2 0.6
v 0.2 0.3 0.6
v 0.2 0.4 0.6
v 0.2 1.2 0.6
v 0.2 1.3 0.6
v 0.2 1.4 0.6
v 0.3 0.4 0.6
v 0.3 0.5 0.6
v 0.3 1.1 0.6
v 0.3 1.2 0.6
v 0.3 1.3 0.6
v 0.4 0.3 0.6
v 0.4 0.4 0.6
v 0.4 0.5 0.6
v 0.4 0.6 0.6
v 0.4 0.7 0.6
v 0.4 0.9 0.6
v 0.4 1 0.6
v 0.4 1.1 0.6
v 0.4 1.2 0.6
v 0.4 1.3 0.6
v 0.5 0.4 0.6
v 0.5 0.5 0.6
v 0.5 0.6 0.6
v 0.5 0.7 0.6
v 0.5 0.8 0.6
v 0.5 0.9 0.6
v 0.5 1 0.6
v 0.5 1.1 0.6
v 0.5 1.2 0.6
v 0.6 0.6 0.6
v 0.6 0.7 0.6
v 0.6 0.8 0.6
v 0.6 0.9 0.6
v 0.6 1 0.6
v -0.7 0.7 0.5
v -0.7 0.8 0.5
v -0.7 0.9 0.5
v -0.6 0.4 0.5
v -0.6 0.5 0.5
v -0.6 0.6 0.5
v -0.6 0.7 0.5
v -0.6 0.8 0.5
v -0.6 0.9 0.5
v -0.6 1 0.5
v -0.6 1.1 0.5
v -0.6 1.2 0.5
v -0.5 0.3 0.5
v -0.5 0.4 0.5
v -0.5 0.5 0.5
v -0.5 0.6 0.5
v -0.5 1 0.5
v -0.5 1.1 0.5
v -0.5 1.2 0.5
v -0.5 1.3 0.5
v -0.4 0.2 0.5
v -0.4 0.3 0.5
v -0.4 0.4 0.5
v -0.4 1.2 0.5
v -0.4 1.3 0.5
v -0.4 1.4 0.5
v -0.3 1.3 0.5
v -0.3 1.4 0.5
v -0.2 0.2 0.5
v -0.2 0.3 0.5
v -0.2 1.3 0.5
v -0.2 1.4 0.5
v -0.1 0.1 0.5
v -0.1 0.2 0.5
v -0.1 1.4 0.5
v -0.1 1.5 0.5
v 0 0.1 0.5
v 0 0.2 0.5
v 0 1.4 0.5
v 0 1.5 0.5
v 0.1 0.1 0.5
v 0.1 0.2 0.5
v 0.1 1.4 0.5
v 0.1 1.5 0.5
v 0.2 0.2 0.5
v 0.2 0.3 0.5
v 0.2 1.3 0.5
v 0.2 1.4 0.5
v 0.3 0.2 0.5
v 0.3 0.3 0.5
v 0.3 1.3 0.5
v 0.3 1.4 0.5
v 0.4 0.2 0.5
v 0.4 0.3 0.5
v 0.4 0.4 0.5
v 0.4 1.2 0.5
v 0.4 1.3 0.5
v 0.4 1.4 0.5
v 0.5 0.3 0.5
v 0.5 0.4 0.5
v 0.5 0.5 0.5
v 0.5 0.6 0.5
v 0.5 1 0.5
v 0.5 1.1 0.5
v 0.5 1.2 0.5
v 0.5 1.3 0.5
v 0.6 0.4 0.5
v 0.6 0.5 0.5
v 0.6 0.6 0.5
v 0.6 0.7 0.5
v 0.6 0.8 0.5
v 0.6 0.9 0.5
v 0.6 1 0.5
v 0.6 1.1 0.5
v 0.6 1.2 0.5
v 0.7 0.7 0.5
v 0.7 0.8 0.5
v 0.7 0.9 0.5
v -0.7 0.5 0.4
v -0.7 0.6 0.4
v -0.7 0.7 0.4
v -0.7 0.9 0.4
v -0.7 1 0.4
v -0.7 1.1 0.4
v -0.6 0.3 0.4
v -0.6 0.4 0.4
v -0.6 0.5 0.4
v -0.6 0.6 0.4
v -0.6 0.7 0.4
v -0.6 0.9 0.4
v -0.6 1 0.4
v -0.6 1.1 0.4
v -0.6 1.2 0.4
v -0.6 1.3 0.4
v -0.5 0.2 0.4
v -0.5 0.3 0.4
v -0.5 0.4 0.4
v -0.5 1.2 0.4
v -0.5 1.3 0.4
v -0.5 1.4 0.4
v -0.4 0.2 0.4
v -0.4 0.3 0.4
v -0.4 1.3 0.4
v -0.4 1.4 0.4
v -0.3 0.1 0.4
v -0.3 0.2 0.4
v -0.3 1.4 0.4
v -0.3 1.5 0.4
v -0.2 0.1 0.4
v -0.2 0.2 0.4
v -0.1 0.1 0.4
v -0.1 0.2 0.4
v -0.1 1.4 0.4
v -0.1 1.5 0.4
v 0.1 0.1 0.4
v 0.1 0.2 0.4
v 0.1 1.4 0.4
v 0.1 1.5 0.4
v 0.2 1.4 0.4
v 0.2 1.5 0.4
v 0.3 0.1 0.4
v 0.3 0.2 0.4
v 0.3 1.4 0.4
v 0.3 1.5 0.4
v 0.4 0.2 0.4
v 0.4 0.3 0.4
v 0.4 1.3 0.4
v 0.4 1.4 0.4
v 0.5 0.2 0.4
v 0.5 0.3 0.4
v 0.5 0.4 0.4
v 0.5 1.2 0.4
v 0.5 1.3 0.4
v 0.5 1.4 0.4
v 0.6 0.3 0.4
v 0.6 0.4 0.4
v 0.6 0.5 0.4
v 0.6 0.6 0.4
v 0.6 0.7 0.4
v 0.6 0.9 0.4
v 0.6 1 0.4
v 0.6 1.1 0.4
v 0.6 1.2 0.4
v 0.6 1.3 0.4
v 0.7 0.5 0.4
v 0.7 0.6 0.4
v 0.7 0.7 0.4
v 0.7 0.9 0.4
v 0.7 1 0.4
v 0.7 1.1 0.4
v -0.8 0.7 0.3
v -0.8 0.8 0.3
v -0.8 0.9 0.3
v -0.7 0.4 0.3
v -0.7 0.5 0.3
v -0.7 0.7 0.3
v -0.7 0.8 0.3
v -0.7 0.9 0.3
v -0.7 1.1 0.3
v -0.7 1.2 0.3
v -0.6 0.4 0.3
v -0.6 0.5 0.3
v -0.6 1.1 0.3
v -0.6 1.2 0.3
v -0.4 0.1 0.3
v -0.4 0.2 0.3
v -0.4 1.4 0.3
v -0.4 1.5 0.3
v -0.3 0.1 0.3
v -0.3 0.2 0.3
v -0.3 1.4 0.3
v -0.3 1.5 0.3
v -0.1 0 0.3
v -0.1 0.1 0.3
v -0.1 1.5 0.3
v -0.1 1.6 0.3
v 0 0 0.3
v 0 0.1 0.3
v 0 1.5 0.3
v 0 1.6 0.3
v 0.1 0 0.3
v 0.1 0.1 0.3
v 0.1 1.5 0.3
v 0.1 1.6 0.3
v 0.3 0.1 0.3
v 0.3 0.2 0.3
v 0.3 1.4 0.3
v 0.3 1.5 0.3
v 0.4 0.1 0.3
v 0.4 0.2 0.3
v 0.4 1.4 0.3
v 0.4 1.5 0.3
v 0.6 0.4 0.3
v 0.6 0.5 0.3
v 0.6 1.1 0.3
v 0.6 1.2 0.3
v 0.7 0.4 0.3
v 0.7 0.5 0.3
v 0.7 0.7 0.3
v 0.7 0.8 0.3
v 0.7 0.9 0.3
v 0.7 1.1 0.3
v 0.7 1.2 0.3
v 0.8 0.7 0.3
v 0.8 0.8 0.3
v 0.8 0.9 0.3
v -0.8 0.6 0.2
v -0.8 0.7 0.2
v -0.8 0.9 0.2
v -0.8 1 0.2
v -0.7 0.6 0.2
v -0.7 0.7 0.2
v -0.7 0.9 0.2
v -0.7 1 0.2
v -0.6 0.2 0.2
v -0.6 0.3 0.2
v -0.6 1.3 0.2
v -0.6 1.4 0.2
v -0.5 0.2 0.2
v -0.5 0.3 0.2
v -0.5 1.3 0.2
v -0.5 1.4 0.2
v -0.2 0 0.2
v -0.2 0.1 0.2
v -0.2 1.5 0.2
v -0.2 1.6 0.2
v -0.1 0 0.2
v -0.1 0.1 0.2
v -0.1 1.5 0.2
v -0.1 1.6 0.2
v 0.1 0 0.2
v 0.1 0.1 0.2
v 0.1 1.5 0.2
v 0.1 1.6 0.2
v 0.2 0 0.2
v 0.2 0.1 0.2
v 0.2 1.5 0.2
v 0.2 1.6 0.2
v 0.5 0.2 0.2
v 0.5 0.3 0.2
v 0.5 1.3 0.2
v 0.5 1.4 0.2
v 0.6 0.2 0.2
v 0.6 0.3 0.2
v 0.6 1.3 0.2
v 0.6 1.4 0.2
v 0.7 0.6 0.2
v 0.7 0.7 0.2
v 0.7 0.9 0.2
v 0.7 1 0.2
v 0.8 0.6 0.2
v 0.8 0.7 0.2
v 0.8 0.9 0.2
v 0.8 1 0.2
v -0.8 0.5 0.1
v -0.8 0.6 0.1
v -0.8 1 0.1
v -0.8 1.1 0.1
v -0.7 0.3 0.1
v -0.7 0.4 0.1
v -0.7 0.5 0.1
v -0.7 0.6 0.1
v -0.7 1 0.1
v -0.7 1.1 0.1
v -0.7 1.2 0.1
v -0.7 1.3 0.1
v -0.6 0.3 0.1
v -0.6 0.4 0.1
v -0.6 1.2 0.1
v -0.6 1.3 0.1
v -0.5 0.1 0.1
v -0.5 0.2 0.1
v -0.5 1.4 0.1
v -0.5 1.5 0.1
v -0.4 0.1 0.1
v -0.4 0.2 0.1
v -0.4 1.4 0.1
v -0.4 1.5 0.1
v -0.3 0 0.1
v -0.3 0.1 0.1
v -0.3 1.5 0.1
v -0.3 1.6 0.1
v -0.2 0 0.1
v -0.2 0.1 0.1
v -0.2 1.5 0.1
v -0.2 1.6 0.1
v 0.2 0 0.1
v 0.2 0.1 0.1
v 0.2 1.5 0.1
v 0.2 1.6 0.1
v 0.3 0 0.1
v 0.3 0.1 0.1
v 0.3 1.5 0.1
v 0.3 1.6 0.1
v 0.4 0.1 0.1
v 0.4 0.2 0.1
v 0.4 1.4 0.1
v 0.4 1.5 0.1
v 0.5 0.1 0.1
v 0.5 0.2 0.1
v 0.5 1.4 0.1
v 0.5 1.5 0.1
v 0.6 0.3 0.1
v 0.6 0.4 0.1
v 0.6 1.2 0.1
v 0.6 1.3 0.1
v 0.7 0.3 0.1
v 0.7 0.4 0.1
v 0.7 0.5 0.1
v 0.7 0.6 0.1
v 0.7 1 0.1
v 0.7 1.1 0.1
v 0.7 1.2 0.1
v 0.7 1.3 0.1
v 0.8 0.5 0.1
v 0.8 0.6 0.1
v 0.8 1 0.1
v 0.8 1.1 0.1
v -0.8 0.5 -0.1
v -0.8 0.6 -0.1
v -0.8 1 -0.1
v -0.8 1.1 -0.1
v -0.7 0.3 -0.1
v -0.7 0.4 -0.1
v -0.7 0.5 -0.1
v -0.7 0.6 -0.1
v -0.7 1 -0.1
v -0.7 1.1 -0.1
v -0.7 1.2 -0.1
v -0.7 1.3 -0.1
v -0.6 0.3 -0.1
v -0.6 0.4 -0.1
v -0.6 1.2 -0.1
v -0.6 1.3 -0.1
v -0.5 0.1 -0.1
v -0.5 0.2 -0.1
v -0.5 1.4 -0.1
v -0.5 1.5 -0.1
v -0.4 0.1 -0.1
v -0.4 0.2 -0.1
v -0.4 1.4 -0.1
v -0.4 1.5 -0.1
v -0.3 0 -0.1
v -0.3 0.1 -0.1
v -0.3 1.5 -0.1
v -0.3 1.6 -0.1
v -0.2 0 -0.1
v -0.2 0.1 -0.1
v -0.2 1.5 -0.1
v -0.2 1.6 -0.1
v 0.2 0 -0.1
v 0.2 0.1 -0.1
v 0.2 1.5 -0.1
v 0.2 1.6 -0.1
v 0.3 0 -0.1
v 0.3 0.1 -0.1
v 0.3 1.5 -0.1
v 0.3 1.6 -0.1
v 0.4 0.1 -0.1
v 0.4 0.2 -0.1
v 0.4 1.4 -0.1
v 0.4 1.5 -0.1
v 0.5 0.1 -0.1
v 0.5 0.2 -0.1
v 0.5 1.4 -0.1
v 0.5 1.5 -0.1
v 0.6 0.3 -0.1
v 0.6 0.4 -0.1
v 0.6 1.2 -0.1
v 0.6 1.3 -0.1
v 0.7 0.3 -0.1
v 0.7 0.4 -0.1
v 0.7 0.5 -0.1
v 0.7 0.6 -0.1
v 0.7 1 -0.1
v 0.7 1.1 -0.1
v 0.7 1.2 -0.1
v 0.7 1.3 -0.1
v 0.8 0.5 -0.1
v 0.8 0.6 -0.1
v 0.8 1 -0.1
v 0.8 1.1 -0.1
v -0.8 0.6 -0.2
v -0.8 0.7 -0.2
v -0.8 0.9 -0.2
v -0.8 1 -0.2
v -0.7 0.6 -0.2
v -0.7 0.7 -0.2
v -0.7 0.9 -0.2
v -0.7 1 -0.2
v -0.6 0.2 -0.2
v -0.6 0.3 -0.2
v -0.6 1.3 -0.2
v -0.6 1.4 -0.2
v -0.5 0.2 -0.2
v -0.5 0.3 -0.2
v -0.5 1.3 -0.2
v -0.5 1.4 -0.2
v -0.2 0 -0.2
v -0.2 0.1 -0.2
v -0.2 1.5 -0.2
v -0.2 1.6 -0.2
v -0.1 0 -0.2
v -0.1 0.1 -0.2
v -0.1 1.5 -0.2
v -0.1 1.6 -0.2
v 0.1 0 -0.2
v 0.1 0.1 -0.2
v 0.1 1.5 -0.2
v 0.1 1.6 -0.2
v 0.2 0 -0.2
v 0.2 0.1 -0.2
v 0.2 1.5 -0.2
v 0.2 1.6 -0.2
v 0.5 0.2 -0.2
v 0.5 0.3 -0.2
v 0.5 1.3 -0.2
v 0.5 1.4 -0.2
v 0.6 0.2 -0.2
v 0.6 0.3 -0.2
v 0.6 1.3 -0.2
v 0.6 1.4 -0.2
v 0.7 0.6 -0.2
v 0.7 0.7 -0.2
v 0.7 0.9 -0.2
v 0.7 1 -0.2
v 0.8 0.6 -0.2
v 0.8 0.7 -0.2
v 0.8 0.9 -0.2
v 0.8 1 -0.2
v -0.8 0.7 -0.3
v -0.8 0.8 -0.3
v -0.8 0.9 -0.3
v -0.7 0.4 -0.3
v -0.7 0.5 -0.3
v -0.7 0.7 -0.3
v -0.7 0.8 -0.3
v -0.7 0.9 -0.3
v -0.7 1.1 -0.3
v -0.7 1.2 -0.3
v -0.6 0.4 -0.3
v -0.6 0.5 -0.3
v -0.6 1.1 -0.3
v -0.6 1.2 -0.3
v -0.4 0.1 -0.3
v -0.4 0.2 -0.3
v -0.4 1.4 -0.3
v -0.4 1.5 -0.3
v -0.3 0.1 -0.3
v -0.3 0.2 -0.3
v -0.3 1.4 -0.3
v -0.3 1.5 -0.3
v -0.1 0 -0.3
v -0.1 0.1 -0.3
v -0.1 1.5 -0.3
v -0.1 1.6 -0.3
v 0 0 -0.3
v 0 0.1 -0.3
v 0 1.5 -0.3
v 0 1.6 -0.3
v 0.1 0 -0.3
v 0.1 0.1 -0.3
v 0.1 1.5 -0.3
v 0.1 1.6 -0.3
v 0.3 0.1 -0.3
v 0.3 0.2 -0.3
v 0.3 1.4 -0.3
v 0.3 1.5 -0.3
v 0.4 0.1 -0.3
v 0.4 0.2 -0.3
v 0.4 1.4 -0.3
v 0.4 1.5 -0.3
v 0.6 0.4 -0.3
v 0.6 0.5 -0.3
v 0.6 1.1 -0.3
v 0.6 1.2 -0.3
v 0.7 0.4 -0.3
v 0.7 0.5 -0.3
v 0.7 0.7 -0.3
v 0.7 0.8 -0.3
v 0.7 0.9 -0.3
v 0.7 1.1 -0.3
v 0.7 1.2 -0.3
v 0.8 0.7 -0.3
v 0.8 0.8 -0.3
v 0.8 0.9 -0.3
v -0.7 0.5 -0.4
v -0.7 0.6 -0.4
v -0.7 0.7 -0.4
v -0.7 0.9 -0.4
v -0.7 1 -0.4
v -0.7 1.1 -0.4
v -0.6 0.3 -0.4
v -0.6 0.4 -0.4
v -0.6 0.5 -0.4
v -0.6 0.6 -0.4
v -0.6 0.7 -0.4
v -0.6 0.9 -0.4
v -0.6 1 -0.4
v -0.6 1.1 -0.4
v -0.6 1.2 -0.4
v -0.6 1.3 -0.4
v -0.5 0.2 -0.4
v -0.5 0.3 -0.4
v -0.5 0.4 -0.4
v -0.5 1.2 -0.4
v -0.5 1.3 -0.4
v -0.5 1.4 -0.4
v -0.4 0.2 -0.4
v -0.4 0.3 -0.4
v -0.4 1.3 -0.4
v -0.4 1.4 -0.4
v -0.3 0.1 -0.4
v -0.3 0.2 -0.4
v -0.3 1.4 -0.4
v -0.3 1.5 -0.4
v -0.2 1.4 -0.4
v -0.2 1.5 -0.4
v -0.1 0.1 -0.4
v -0.1 0.2 -0.4
v -0.1 1.4 -0.4
v -0.1 1.5 -0.4
v 0.1 0.1 -0.4
v 0.1 0.2 -0.4
v 0.1 1.4 -0.4
v 0.1 1.5 -0.4
v 0.2 0.1 -0.4
v 0.2 0.2 -0.4
v 0.3 0.1 -0.4
v 0.3 0.2 -0.4
v 0.3 1.4 -0.4
v 0.3 1.5 -0.4
v 0.4 0.2 -0.4
v 0.4 0.3 -0.4
v 0.4 1.3 -0.4
v 0.4 1.4 -0.4
v 0.5 0.2 -0.4
v 0.5 0.3 -0.4
v 0.5 0.4 -0.4
v 0.5 1.2 -0.4
v 0.5 1.3 -0.4
v 0.5 1.4 -0.4
v 0.6 0.3 -0.4
v 0.6 0.4 -0.4
v 0.6 0.5 -0.4
v 0.6 0.6 -0.4
v 0.6 0.7 -0.4
v 0.6 0.9 -0.4
v 0.6 1 -0.4
v 0.6 1.1 -0.4
v 0.6 1.2 -0.4
v 0.6 1.3 -0.4
v 0.7 0.5 -0.4
v 0.7 0.6 -0.4
v 0.7 0.7 -0.4
v 0.7 0.9 -0.4
v 0.7 1 -0.4
v 0.7 1.1 -0.4
v -0.7 0.7 -0.5
v -0.7 0.8 -0.5
v -0.7 0.9 -0.5
v -0.6 0.4 -0.5
v -0.6 0.5 -0.5
v -0.6 0.6 -0.5
v -0.6 0.7 -0.5
v -0.6 0.8 -0.5
v -0.6 0.9 -0.5
v -0.6 1 -0.5
v -0.6 1.1 -0.5
v -0.6 1.2 -0.5
v -0.5 0.3 -0.5
v -0.5 0.4 -0.5
v -0.5 0.5 -0.5
v -0.5 0.6 -0.5
v -0.5 1 -0.5
v -0.5 1.1 -0.5
v -0.5 1.2 -0.5
v -0.5 1.3 -0.5
v -0.4 0.2 -0.5
v -0.4 0.3 -0.5
v -0.4 0.4 -0.5
v -0.4 1.2 -0.5
v -0.4 1.3 -0.5
v -0.4 1.4 -0.5
v -0.3 0.2 -0.5
v -0.3 0.3 -0.5
v -0.3 1.3 -0.5
v -0.3 1.4 -0.5
v -0.2 0.2 -0.5
v -0.2 0.3 -0.5
v -0.2 1.3 -0.5
v -0.2 1.4 -0.5
v -0.1 0.1 -0.5
v -0.1 0.2 -0.5
v -0.1 1.4 -0.5
v -0.1 1.5 -0.5
v 0 0.1 -0.5
v 0 0.2 -0.5
v 0 1.4 -0.5
v 0 1.5 -0.5
v 0.1 0.1 -0.5
v 0.1 0.2 -0.5
v 0.1 1.4 -0.5
v 0.1 1.5 -0.5
v 0.2 0.2 -0.5
v 0.2 0.3 -0.5
v 0.2 1.3 -0.5
v 0.2 1.4 -0.5
v 0.3 1.3 -0.5
v 0.3 1.4 -0.5
v 0.4 0.2 -0.5
v 0.4 0.3 -0.5
v 0.4 0.4 -0.5
v 0.4 1.2 -0.5
v 0.4 1.3 -0.5
v 0.4 1.4 -0.5
v 0.5 0.3 -0.5
v 0.5 0.4 -0.5
v 0.5 0.5 -0.5
v 0.5 0.6 -0.5
v 0.5 1 -0.5
v 0.5 1.1 -0.5
v 0.5 1.2 -0.5
v 0.5 1.3 -0.5
v 0.6 0.4 -0.5
v 0.6 0.5 -0.5
v 0.6 0.6 -0.5
v 0.6 0.7 -0.5
v 0.6 0.8 -0.5
v 0.6 0.9 -0.5
v 0.6 1 -0.5
v 0.6 1.1 -0.5
v 0.6 1.2 -0.5
v 0.7 0.7 -0.5
v 0.7 0.8 -0.5
v 0.7 0.9 -0.5
v -0.6 0.6 -0.6
v -0.6 0.7 -0.6
v -0.6 0.8 -0.6
v -0.6 0.9 -0.6
v -0.6 1 -0.6
v -0.5 0.4 -0.6
v -0.5 0.5 -0.6
v -0.5 0.6 -0.6
v -0.5 0.7 -0.6
v -0.5 0.8 -0.6
v -0.5 0.9 -0.6
v -0.5 1 -0.6
v -0.5 1.1 -0.6
v -0.5 1.2 -0.6
v -0.4 0.3 -0.6
v -0.4 0.4 -0.6
v -0.4 0.5 -0.6
v -0.4 0.6 -0.6
v -0.4 0.7 -0.6
v -0.4 0.9 -0.6
v -0.4 1 -0.6
v -0.4 1.1 -0.6
v -0.4 1.2 -0.6
v -0.4 1.3 -0.6
v -0.3 0.4 -0.6
v -0.3 0.5 -0.6
v -0.3 1.1 -0.6
v -0.3 1.2 -0.6
v -0.3 1.3 -0.6
v -0.2 0.2 -0.6
v -0.2 0.3 -0.6
v -0.2 0.4 -0.6
v -0.2 1.2 -0.6
v -0.2 1.3 -0.6
v -0.2 1.4 -0.6
v -0.1 0.3 -0.6
v -0.1 0.4 -0.6
v -0.1 1.2 -0.6
v -0.1 1.3 -0.6
v -0.1 1.4 -0.6
v 0 0.2 -0.6
v 0 0.3 -0.6
v 0 1.3 -0.6
v 0 1.4 -0.6
v 0.1 0.2 -0.6
v 0.1 0.3 -0.6
v 0.1 0.4 -0.6
v 0.1 1.2 -0.6
v 0.1 1.3 -0.6
v 0.1 1.4 -0.6
v 0.2 0.2 -0.6
v 0.2 0.3 -0.6
v 0.2 0.4 -0.6
v 0.2 1.2 -0.6
v 0.2 1.3 -0.6
v 0.2 1.4 -0.6
v 0.3 0.4 -0.6
v 0.3 0.5 -0.6
v 0.3 1.1 -0.6
v 0.3 1.2 -0.6
v 0.3 1.3 -0.6
v 0.4 0.3 -0.6
v 0.4 0.4 -0.6
v 0.4 0.5 -0.6
v 0.4 0.6 -0.6
v 0.4 0.7 -0.6
v 0.4 0.9 -0.6
v 0.4 1 -0.6
v 0.4 1.1 -0.6
v 0.4 1.2 -0.6
v 0.4 1.3 -0.6
v 0.5 0.4 -0.6
v 0.5 0.5 -0.6
v 0.5 0.6 -0.6
v 0.5 0.7 -0.6
v 0.5 0.8 -0.6
v 0.5 0.9 -0.6
v 0.5 1 -0.6
v 0.5 1.1 -0.6
v 0.5 1.2 -0.6
v 0.6 0.6 -0.6
v 0.6 0.7 -0.6
v 0.6 0.8 -0.6
v 0.6 0.9 -0.6
v 0.6 1 -0.6
v -0.5 0.7 -0.7
v -0.5 0.8 -0.7
v -0.5 0.9 -0.7
v -0.4 0.5 -0.7
v -0.4 0.6 -0.7
v -0.4 0.7 -0.7
v -0.4 0.9 -0.7
v -0.4 1 -0.7
v -0.4 1.1 -0.7
v -0.3 0.4 -0.7
v -0.3 0.5 -0.7
v -0.3 0.6 -0.7
v -0.3 0.7 -0.7
v -0.3 0.8 -0.7
v -0.3 0.9 -0.7
v -0.3 1 -0.7
v -0.3 1.1 -0.7
v -0.3 1.2 -0.7
v -0.2 0.4 -0.7
v -0.2 0.5 -0.7
v -0.2 0.6 -0.7
v -0.2 0.7 -0.7
v -0.2 0.9 -0.7
v -0.2 1 -0.7
v -0.2 1.1 -0.7
v -0.2 1.2 -0.7
v -0.1 0.3 -0.7
v -0.1 0.4 -0.7
v -0.1 0.5 -0.7
v -0.1 0.6 -0.7
v -0.1 1 -0.7
v -0.1 1.1 -0.7
v -0.1 1.2 -0.7
v -0.1 1.3 -0.7
v 0 0.3 -0.7
v 0 0.5 -0.7
v 0 1.1 -0.7
v 0 1.3 -0.7
v 0.1 0.3 -0.7
v 0.1 0.4 -0.7
v 0.1 0.5 -0.7
v 0.1 0.6 -0.7
v 0.1 1 -0.7
v 0.1 1.1 -0.7
v 0.1 1.2 -0.7
v 0.1 1.3 -0.7
v 0.2 0.4 -0.7
v 0.2 0.5 -0.7
v 0.2 0.6 -0.7
v 0.2 0.7 -0.7
v 0.2 0.9 -0.7
v 0.2 1 -0.7
v 0.2 1.1 -0.7
v 0.2 1.2 -0.7
v 0.3 0.4 -0.7
v 0.3 0.5 -0.7
v 0.3 0.6 -0.7
v 0.3 0.7 -0.7
v 0.3 0.8 -0.7
v 0.3 0.9 -0.7
v 0.3 1 -0.7
v 0.3 1.1 -0.7
v 0.3 1.2 -0.7
v 0.4 0.5 -0.7
v 0.4 0.6 -0.7
v 0.4 0.7 -0.7
v 0.4 0.9 -0.7
v 0.4 1 -0.7
v 0.4 1.1 -0.7
v 0.5 0.7 -0.7
v 0.5 0.8 -0.7
v 0.5 0.9 -0.7
v -0.3 0.7 -0.8
v -0.3 0.8 -0.8
v -0.3 0.9 -0.8
v -0.2 0.6 -0.8
v -0.2 0.7 -0.8
v -0.2 0.8 -0.8
v -0.2 0.9 -0.8
v -0.2 1 -0.8
v -0.1 0.5 -0.8
v -0.1 0.6 -0.8
v -0.1 0.7 -0.8
v -0.1 0.8 -0.8
v -0.1 0.9 -0.8
v -0.1 1 -0.8
v -0.1 1.1 -0.8
v 0 0.5 -0.8
v 0 0.6 -0.8
v 0 0.7 -0.8
v 0 0.8 -0.8
v 0 0.9 -0.8
v 0 1 -0.8
v 0 1.1 -0.8
v 0.1 0.5 -0.8
v 0.1 0.6 -0.8
v 0.1 0.7 -0.8
v 0.1 0.8 -0.8
v 0.1 0.9 -0.8
v 0.1 1 -0.8
v 0.1 1.1 -0.8
v 0.2 0.6 -0.8
v 0.2 0.7 -0.8
v 0.2 0.8 -0.8
v 0.2 0.9 -0.8
v 0.2 1 -0.8
v 0.3 0.7 -0.8
v 0.3 0.8 -0.8
v 0.3 0.9 -0.8
v -0.1 0 0.3
v 0 0 0.3
v 0.1 0 0.3
v -0.2 0 0.2
v -0.1 0 0.2
v 0 0 0.2
v 0.1 0 0.2
v 0.2 0 0.2
v -0.3 0 0.1
v -0.2 0 0.1
v -0.1 0 0.1
v 0 0 0.1
v 0.1 0 0.1
v 0.2 0 0.1
v 0.3 0 0.1
v -0.3 0 0
v -0.2 0 0
v -0.1 0 0
v 0 0 0
v 0.1 0 0
v 0.2 0 0
v 0.3 0 0
v -0.3 0 -0.1
v -0.2 0 -0.1
v -0.1 0 -0.1
v 0 0 -0.1
v 0.1 0 -0.1
v 0.2 0 -0.1
v 0.3 0 -0.1
v -0.2 0 -0.2
v -0.1 0 -0.2
v 0 0 -0.2
v 0.1 0 -0.2
v 0.2 0 -0.2
v -0.1 0 -0.3
v 0 0 -0.3
v 0.1 0 -0.3
v -0.1 0.1 0.5
v 0 0.1 0.5
v 0.1 0.1 0.5
v -0.3 0.1 0.4
v -0.2 0.1 0.4
v -0.1 0.1 0.4
v 0.1 0.1 0.4
v 0.3 0.1 0.4
v -0.4 0.1 0.3
v -0.3 0.1 0.3
v -0.1 0.1 0.3
v 0 0.1 0.3
v 0.1 0.1 0.3
v 0.3 0.1 0.3
v 0.4 0.1 0.3
v -0.4 0.1 0.2
v -0.2 0.1 0.2
v -0.1 0.1 0.2
v 0.1 0.1 0.2
v 0.2 0.1 0.2
v -0.5 0.1 0.1
v -0.4 0.1 0.1
v -0.3 0.1 0.1
v -0.2 0.1 0.1
v 0.2 0.1 0.1
v 0.3 0.1 0.1
v 0.4 0.1 0.1
v 0.5 0.1 0.1
v -0.5 0.1 0
v -0.3 0.1 0
v 0.3 0.1 0
v 0.5 0.1 0
v -0.5 0.1 -0.1
v -0.4 0.1 -0.1
v -0.3 0.1 -0.1
v -0.2 0.1 -0.1
v 0.2 0.1 -0.1
v 0.3 0.1 -0.1
v 0.4 0.1 -0.1
v 0.5 0.1 -0.1
v -0.2 0.1 -0.2
v -0.1 0.1 -0.2
v 0.1 0.1 -0.2
v 0.2 0.1 -0.2
v 0.4 0.1 -0.2
v -0.4 0.1 -0.3
v -0.3 0.1 -0.3
v -0.1 0.1 -0.3
v 0 0.1 -0.3
v 0.1 0.1 -0.3
v 0.3 0.1 -0.3
v 0.4 0.1 -0.3
v -0.3 0.1 -0.4
v -0.1 0.1 -0.4
v 0.1 0.1 -0.4
v 0.2 0.1 -0.4
v 0.3 0.1 -0.4
v -0.1 0.1 -0.5
v 0 0.1 -0.5
v 0.1 0.1 -0.5
v -0.2 0.2 0.6
v -0.1 0.2 0.6
v 0 0.2 0.6
v 0.2 0.2 0.6
v -0.4 0.2 0.5
v -0.2 0.2 0.5
v -0.1 0.2 0.5
v 0 0.2 0.5
v 0.1 0.2 0.5
v 0.2 0.2 0.5
v 0.3 0.2 0.5
v 0.4 0.2 0.5
v -0.5 0.2 0.4
v -0.4 0.2 0.4
v -0.3 0.2 0.4
v -0.2 0.2 0.4
v -0.1 0.2 0.4
v 0.1 0.2 0.4
v 0.3 0.2 0.4
v 0.4 0.2 0.4
v 0.5 0.2 0.4
v -0.4 0.2 0.3
v -0.3 0.2 0.3
v 0.3 0.2 0.3
v 0.4 0.2 0.3
v 0.5 0.2 0.3
v -0.6 0.2 0.2
v -0.5 0.2 0.2
v -0.4 0.2 0.2
v 0.5 0.2 0.2
v 0.6 0.2 0.2
v -0.5 0.2 0.1
v -0.4 0.2 0.1
v 0.4 0.2 0.1
v 0.5 0.2 0.1
v 0.6 0.2 0.1
v -0.6 0.2 0
v -0.5 0.2 0
v 0.5 0.2 0
v 0.6 0.2 0
v -0.6 0.2 -0.1
v -0.5 0.2 -0.1
v -0.4 0.2 -0.1
v 0.4 0.2 -0.1
v 0.5 0.2 -0.1
v -0.6 0.2 -0.2
v -0.5 0.2 -0.2
v 0.4 0.2 -0.2
v 0.5 0.2 -0.2
v 0.6 0.2 -0.2
v -0.5 0.2 -0.3
v -0.4 0.2 -0.3
v -0.3 0.2 -0.3
v 0.3 0.2 -0.3
v 0.4 0.2 -0.3
v -0.5 0.2 -0.4
v -0.4 0.2 -0.4
v -0.3 0.2 -0.4
v -0.1 0.2 -0.4
v 0.1 0.2 -0.4
v 0.2 0.2 -0.4
v 0.3 0.2 -0.4
v 0.4 0.2 -0.4
v 0.5 0.2 -0.4
v -0.4 0.2 -0.5
v -0.3 0.2 -0.5
v -0.2 0.2 -0.5
v -0.1 0.2 -0.5
v 0 0.2 -0.5
v 0.1 0.2 -0.5
v 0.2 0.2 -0.5
v 0.4 0.2 -0.5
v -0.2 0.2 -0.6
v 0 0.2 -0.6
v 0.1 0.2 -0.6
v 0.2 0.2 -0.6
v -0.1 0.3 0.7
v 0 0.3 0.7
v 0.1 0.3 0.7
v -0.4 0.3 0.6
v -0.2 0.3 0.6
v -0.1 0.3 0.6
v 0 0.3 0.6
v 0.1 0.3 0.6
v 0.2 0.3 0.6
v 0.4 0.3 0.6
v -0.5 0.3 0.5
v -0.4 0.3 0.5
v -0.2 0.3 0.5
v 0.2 0.3 0.5
v 0.3 0.3 0.5
v 0.4 0.3 0.5
v 0.5 0.3 0.5
v -0.6 0.3 0.4
v -0.5 0.3 0.4
v -0.4 0.3 0.4
v 0.4 0.3 0.4
v 0.5 0.3 0.4
v 0.6 0.3 0.4
v 0.5 0.3 0.3
v -0.6 0.3 0.2
v -0.5 0.3 0.2
v 0.5 0.3 0.2
v 0.6 0.3 0.2
v -0.7 0.3 0.1
v -0.6 0.3 0.1
v 0.6 0.3 0.1
v 0.7 0.3 0.1
v -0.7 0.3 0
v -0.6 0.3 0
v 0.6 0.3 0
v 0.7 0.3 0
v -0.7 0.3 -0.1
v -0.6 0.3 -0.1
v 0.6 0.3 -0.1
v 0.7 0.3 -0.1
v -0.6 0.3 -0.2
v -0.5 0.3 -0.2
v 0.5 0.3 -0.2
v 0.6 0.3 -0.2
v -0.5 0.3 -0.3
v -0.6 0.3 -0.4
v -0.5 0.3 -0.4
v -0.4 0.3 -0.4
v 0.4 0.3 -0.4
v 0.5 0.3 -0.4
v 0.6 0.3 -0.4
v -0.5 0.3 -0.5
v -0.4 0.3 -0.5
v -0.3 0.3 -0.5
v -0.2 0.3 -0.5
v 0.2 0.3 -0.5
v 0.4 0.3 -0.5
v 0.5 0.3 -0.5
v -0.4 0.3 -0.6
v -0.2 0.3 -0.6
v -0.1 0.3 -0.6
v 0 0.3 -0.6
v 0.1 0.3 -0.6
v 0.2 0.3 -0.6
v 0.4 0.3 -0.6
v -0.1 0.3 -0.7
v 0 0.3 -0.7
v 0.1 0.3 -0.7
v -0.3 0.4 0.7
v -0.2 0.4 0.7
v -0.1 0.4 0.7
v 0.1 0.4 0.7
v 0.2 0.4 0.7
v 0.3 0.4 0.7
v -0.5 0.4 0.6
v -0.4 0.4 0.6
v -0.3 0.4 0.6
v -0.2 0.4 0.6
v -0.1 0.4 0.6
v 0.1 0.4 0.6
v 0.2 0.4 0.6
v 0.3 0.4 0.6
v 0.4 0.4 0.6
v 0.5 0.4 0.6
v -0.6 0.4 0.5
v -0.5 0.4 0.5
v -0.4 0.4 0.5
v 0.4 0.4 0.5
v 0.5 0.4 0.5
v 0.6 0.4 0.5
v -0.6 0.4 0.4
v -0.5 0.4 0.4
v 0.5 0.4 0.4
v 0.6 0.4 0.4
v -0.7 0.4 0.3
v -0.6 0.4 0.3
v 0.6 0.4 0.3
v 0.7 0.4 0.3
v -0.7 0.4 0.2
v -0.6 0.4 0.2
v 0.6 0.4 0.2
v 0.7 0.4 0.2
v -0.7 0.4 0.1
v -0.6 0.4 0.1
v 0.6 0.4 0.1
v 0.7 0.4 0.1
v -0.7 0.4 -0.1
v -0.6 0.4 -0.1
v 0.6 0.4 -0.1
v 0.7 0.4 -0.1
v -0.7 0.4 -0.2
v -0.6 0.4 -0.2
v 0.6 0.4 -0.2
v 0.7 0.4 -0.2
v -0.7 0.4 -0.3
v -0.6 0.4 -0.3
v 0.6 0.4 -0.3
v 0.7 0.4 -0.3
v -0.6 0.4 -0.4
v -0.5 0.4 -0.4
v 0.5 0.4 -0.4
v 0.6 0.4 -0.4
v -0.6 0.4 -0.5
v -0.5 0.4 -0.5
v -0.4 0.4 -0.5
v 0.4 0.4 -0.5
v 0.5 0.4 -0.5
v 0.6 0.4 -0.5
v -0.5 0.4 -0.6
v -0.4 0.4 -0.6
v -0.3 0.4 -0.6
v -0.2 0.4 -0.6
v -0.1 0.4 -0.6
v 0.1 0.4 -0.6
v 0.2 0.4 -0.6
v 0.3 0.4 -0.6
v 0.4 0.4 -0.6
v 0.5 0.4 -0.6
v -0.3 0.4 -0.7
v -0.2 0.4 -0.7
v -0.1 0.4 -0.7
v 0.1 0.4 -0.7
v 0.2 0.4 -0.7
v 0.3 0.4 -0.7
v -0.1 0.5 0.8
v 0 0.5 0.8
v 0.1 0.5 0.8
v -0.4 0.5 0.7
v -0.3 0.5 0.7
v -0.1 0.5 0.7
v 0 0.5 0.7
v 0.1 0.5 0.7
v 0.3 0.5 0.7
v 0.4 0.5 0.7
v -0.4 0.5 0.6
v -0.3 0.5 0.6
v 0.3 0.5 0.6
v 0.4 0.5 0.6
v -0.7 0.5 0.4
v -0.6 0.5 0.4
v 0.6 0.5 0.4
v 0.7 0.5 0.4
v -0.7 0.5 0.3
v -0.6 0.5 0.3
v 0.6 0.5 0.3
v 0.7 0.5 0.3
v -0.8 0.5 0.1
v -0.7 0.5 0.1
v 0.7 0.5 0.1
v 0.8 0.5 0.1
v -0.8 0.5 0
v -0.7 0.5 0
v 0.7 0.5 0
v 0.8 0.5 0
v -0.8 0.5 -0.1
v -0.7 0.5 -0.1
v 0.7 0.5 -0.1
v 0.8 0.5 -0.1
v -0.7 0.5 -0.3
v -0.6 0.5 -0.3
v 0.6 0.5 -0.3
v 0.7 0.5 -0.3
v -0.7 0.5 -0.4
v -0.6 0.5 -0.4
v 0.6 0.5 -0.4
v 0.7 0.5 -0.4
v -0.4 0.5 -0.6
v -0.3 0.5 -0.6
v 0.3 0.5 -0.6
v 0.4 0.5 -0.6
v -0.4 0.5 -0.7
v -0.3 0.5 -0.7
v -0.1 0.5 -0.7
v 0 0.5 -0.7
v 0.1 0.5 -0.7
v 0.3 0.5 -0.7
v 0.4 0.5 -0.7
v -0.1 0.5 -0.8
v 0 0.5 -0.8
v 0.1 0.5 -0.8
v -0.2 0.6 0.8
v -0.1 0.6 0.8
v 0.1 0.6 0.8
v 0.2 0.6 0.8
v -0.2 0.6 0.7
v -0.1 0.6 0.7
v 0.1 0.6 0.7
v 0.2 0.6 0.7
v -0.6 0.6 0.6
v -0.5 0.6 0.6
v 0.5 0.6 0.6
v 0.6 0.6 0.6
v -0.6 0.6 0.5
v -0.5 0.6 0.5
v 0.5 0.6 0.5
v 0.6 0.6 0.5
v -0.8 0.6 0.2
v -0.7 0.6 0.2
v 0.7 0.6 0.2
v 0.8 0.6 0.2
v -0.8 0.6 0.1
v -0.7 0.6 0.1
v 0.7 0.6 0.1
v 0.8 0.6 0.1
v -0.8 0.6 -0.1
v -0.7 0.6 -0.1
v 0.7 0.6 -0.1
v 0.8 0.6 -0.1
v -0.8 0.6 -0.2
v -0.7 0.6 -0.2
v 0.7 0.6 -0.2
v 0.8 0.6 -0.2
v -0.6 0.6 -0.5
v -0.5 0.6 -0.5
v 0.5 0.6 -0.5
v 0.6 0.6 -0.5
v -0.6 0.6 -0.6
v -0.5 0.6 -0.6
v 0.5 0.6 -0.6
v 0.6 0.6 -0.6
v -0.2 0.6 -0.7
v -0.1 0.6 -0.7
v 0.1 0.6 -0.7
v 0.2 0.6 -0.7
v -0.2 0.6 -0.8
v -0.1 0.6 -0.8
v 0.1 0.6 -0.8
v 0.2 0.6 -0.8
v -0.3 0.7 0.8
v -0.2 0.7 0.8
v 0.2 0.7 0.8
v 0.3 0.7 0.8
v -0.5 0.7 0.7
v -0.4 0.7 0.7
v -0.3 0.7 0.7
v -0.2 0.7 0.7
v 0.2 0.7 0.7
v 0.3 0.7 0.7
v 0.4 0.7 0.7
v 0.5 0.7 0.7
v -0.5 0.7 0.6
v -0.4 0.7 0.6
v 0.4 0.7 0.6
v 0.5 0.7 0.6
v -0.7 0.7 0.5
v -0.6 0.7 0.5
v 0.6 0.7 0.5
v 0.7 0.7 0.5
v -0.7 0.7 0.4
v -0.6 0.7 0.4
v 0.6 0.7 0.4
v 0.7 0.7 0.4
v -0.8 0.7 0.3
v -0.7 0.7 0.3
v 0.7 0.7 0.3
v 0.8 0.7 0.3
v -0.8 0.7 0.2
v -0.7 0.7 0.2
v 0.7 0.7 0.2
v 0.8 0.7 0.2
v -0.8 0.7 -0.2
v -0.7 0.7 -0.2
v 0.7 0.7 -0.2
v 0.8 0.7 -0.2
v -0.8 0.7 -0.3
v -0.7 0.7 -0.3
v 0.7 0.7 -0.3
v 0.8 0.7 -0.3
v -0.7 0.7 -0.4
v -0.6 0.7 -0.4
v 0.6 0.7 -0.4
v 0.7 0.7 -0.4
v -0.7 0.7 -0.5
v -0.6 0.7 -0.5
v 0.6 0.7 -0.5
v 0.7 0.7 -0.5
v -0.5 0.7 -0.6
v -0.4 0.7 -0.6
v 0.4 0.7 -0.6
v 0.5 0.7 -0.6
v -0.5 0.7 -0.7
v -0.4 0.7 -0.7
v -0.3 0.7 -0.7
v -0.2 0.7 -0.7
v 0.2 0.7 -0.7
v 0.3 0.7 -0.7
v 0.4 0.7 -0.7
v 0.5 0.7 -0.7
v -0.3 0.7 -0.8
v -0.2 0.7 -0.8
v 0.2 0.7 -0.8
v 0.3 0.7 -0.8
v -0.3 0.9 0.8
v -0.2 0.9 0.8
v 0.2 0.9 0.8
v 0.3 0.9 0.8
v -0.5 0.9 0.7
v -0.4 0.9 0.7
v -0.3 0.9 0.7
v -0.2 0.9 0.7
v 0.2 0.9 0.7
v 0.3 0.9 0.7
v 0.4 0.9 0.7
v 0.5 0.9 0.7
v -0.5 0.9 0.6
v -0.4 0.9 0.6
v 0.4 0.9 0.6
v 0.5 0.9 0.6
v -0.7 0.9 0.5
v -0.6 0.9 0.5
v 0.6 0.9 0.5
v 0.7 0.9 0.5
v -0.7 0.9 0.4
v -0.6 0.9 0.4
v 0.6 0.9 0.4
v 0.7 0.9 0.4
v -0.8 0.9 0.3
v -0.7 0.9 0.3
v 0.7 0.9 0.3
v 0.8 0.9 0.3
v -0.8 0.9 0.2
v -0.7 0.9 0.2
v 0.7 0.9 0.2
v 0.8 0.9 0.2
v -0.8 0.9 -0.2
v -0.7 0.9 -0.2
v 0.7 0.9 -0.2
v 0.8 0.9 -0.2
v -0.8 0.9 -0.3
v -0.7 0.9 -0.3
v 0.7 0.9 -0.3
v 0.8 0.9 -0.3
v -0.7 0.9 -0.4
v -0.6 0.9 -0.4
v 0.6 0.9 -0.4
v 0.7 0.9 -0.4
v -0.7 0.9 -0.5
v -0.6 0.9 -0.5
v 0.6 0.9 -0.5
v 0.7 0.9 -0.5
v -0.5 0.9 -0.6
v -0.4 0.9 -0.6
v 0.4 0.9 -0.6
v 0.5 0.9 -0.6
v -0.5 0.9 -0.7
v -0.4 0.9 -0.7
v -0.3 0.9 -0.7
v -0.2 0.9 -0.7
v 0.2 0.9 -0.7
v 0.3 0.9 -0.7
v 0.4 0.9 -0.7
v 0.5 0.9 -0.7
v -0.3 0.9 -0.8
v -0.2 0.9 -0.8
v 0.2 0.9 -0.8
v 0.3 0.9 -0.8
v -0.2 1 0.8
v -0.1 1 0.8
v 0.1 1 0.8
v 0.2 1 0.8
v -0.2 1 0.7
v -0.1 1 0.7
v 0.1 1 0.7
v 0.2 1 0.7
v -0.6 1 0.6
v -0.5 1 0.6
v 0.5 1 0.6
v 0.6 1 0.6
v -0.6 1 0.5
v -0.5 1 0.5
v 0.5 1 0.5
v 0.6 1 0.5
v -0.8 1 0.2
v -0.7 1 0.2
v 0.7 1 0.2
v 0.8 1 0.2
v -0.8 1 0.1
v -0.7 1 0.1
v 0.7 1 0.1
v 0.8 1 0.1
v -0.8 1 -0.1
v -0.7 1 -0.1
v 0.7 1 -0.1
v 0.8 1 -0.1
v -0.8 1 -0.2
v -0.7 1 -0.2
v 0.7 1 -0.2
v 0.8 1 -0.2
v -0.6 1 -0.5
v -0.5 1 -0.5
v 0.5 1 -0.5
v 0.6 1 -0.5
v -0.6 1 -0.6
v -0.5 1 -0.6
v 0.5 1 -0.6
v 0.6 1 -0.6
v -0.2 1 -0.7
v -0.1 1 -0.7
v 0.1 1 -0.7
v 0.2 1 -0.7
v -0.2 1 -0.8
v -0.1 1 -0.8
v 0.1 1 -0.8
v 0.2 1 -0.8
v -0.1 1.1 0.8
v 0 1.1 0.8
v 0.1 1.1 0.8
v -0.4 1.1 0.7
v -0.3 1.1 0.7
v -0.1 1.1 0.7
v 0 1.1 0.7
v 0.1 1.1 0.7
v 0.3 1.1 0.7
v 0.4 1.1 0.7
v -0.4 1.1 0.6
v -0.3 1.1 0.6
v 0.3 1.1 0.6
v 0.4 1.1 0.6
v -0.7 1.1 0.4
v -0.6 1.1 0.4
v 0.6 1.1 0.4
v 0.7 1.1 0.4
v -0.7 1.1 0.3
v -0.6 1.1 0.3
v 0.6 1.1 0.3
v 0.7 1.1 0.3
v -0.8 1.1 0.1
v -0.7 1.1 0.1
v 0.7 1.1 0.1
v 0.8 1.1 0.1
v -0.8 1.1 0
v -0.7 1.1 0
v 0.7 1.1 0
v 0.8 1.1 0
v -0.8 1.1 -0.1
v -0.7 1.1 -0.1
v 0.7 1.1 -0.1
v 0.8 1.1 -0.1
v -0.7 1.1 -0.3
v -0.6 1.1 -0.3
v 0.6 1.1 -0.3
v 0.7 1.1 -0.3
v -0.7 1.1 -0.4
v -0.6 1.1 -0.4
v 0.6 1.1 -0.4
v 0.7 1.1 -0.4
v -0.4 1.1 -0.6
v -0.3 1.1 -0.6
v 0.3 1.1 -0.6
v 0.4 1.1 -0.6
v -0.4 1.1 -0.7
v -0.3 1.1 -0.7
v -0.1 1.1 -0.7
v 0 1.1 -0.7
v 0.1 1.1 -0.7
v 0.3 1.1 -0.7
v 0.4 1.1 -0.7
v -0.1 1.1 -0.8
v 0 1.1 -0.8
v 0.1 1.1 -0.8
v -0.3 1.2 0.7
v -0.2 1.2 0.7
v -0.1 1.2 0.7
v 0.1 1.2 0.7
v 0.2 1.2 0.7
v 0.3 1.2 0.7
v -0.5 1.2 0.6
v -0.4 1.2 0.6
v -0.3 1.2 0.6
v -0.2 1.2 0.6
v -0.1 1.2 0.6
v 0.1 1.2 0.6
v 0.2 1.2 0.6
v 0.3 1.2 0.6
v 0.4 1.2 0.6
v 0.5 1.2 0.6
v -0.6 1.2 0.5
v -0.5 1.2 0.5
v -0.4 1.2 0.5
v 0.4 1.2 0.5
v 0.5 1.2 0.5
v 0.6 1.2 0.5
v -0.6 1.2 0.4
v -0.5 1.2 0.4
v 0.5 1.2 0.4
v 0.6 1.2 0.4
v -0.7 1.2 0.3
v -0.6 1.2 0.3
v 0.6 1.2 0.3
v 0.7 1.2 0.3
v -0.7 1.2 0.2
v -0.6 1.2 0.2
v 0.6 1.2 0.2
v 0.7 1.2 0.2
v -0.7 1.2 0.1
v -0.6 1.2 0.1
v 0.6 1.2 0.1
v 0.7 1.2 0.1
v -0.7 1.2 -0.1
v -0.6 1.2 -0.1
v 0.6 1.2 -0.1
v 0.7 1.2 -0.1
v -0.7 1.2 -0.2
v -0.6 1.2 -0.2
v 0.6 1.2 -0.2
v 0.7 1.2 -0.2
v -0.7 1.2 -0.3
v -0.6 1.2 -0.3
v 0.6 1.2 -0.3
v 0.7 1.2 -0.3
v -0.6 1.2 -0.4
v -0.5 1.2 -0.4
v 0.5 1.2 -0.4
v 0.6 1.2 -0.4
v -0.6 1.2 -0.5
v -0.5 1.2 -0.5
v -0.4 1.2 -0.5
v 0.4 1.2 -0.5
v 0.5 1.2 -0.5
v 0.6 1.2 -0.5
v -0.5 1.2 -0.6
v -0.4 1.2 -0.6
v -0.3 1.2 -0.6
v -0.2 1.2 -0.6
v -0.1 1.2 -0.6
v 0.1 1.2 -0.6
v 0.2 1.2 -0.6
v 0.3 1.2 -0.6
v 0.4 1.2 -0.6
v 0.5 1.2 -0.6
v -0.3 1.2 -0.7
v -0.2 1.2 -0.7
v -0.1 1.2 -0.7
v 0.1 1.2 -0.7
v 0.2 1.2 -0.7
v 0.3 1.2 -0.7
v -0.1 1.3 0.7
v 0 1.3 0.7
v 0.1 1.3 0.7
v -0.4 1.3 0.6
v -0.3 1.3 0.6
v -0.2 1.3 0.6
v -0.1 1.3 0.6
v 0 1.3 0.6
v 0.1 1.3 0.6
v 0.2 1.3 0.6
v 0.3 1.3 0.6
v 0.4 1.3 0.6
v -0.5 1.3 0.5
v -0.4 1.3 0.5
v -0.3 1.3 0.5
v -0.2 1.3 0.5
v 0.2 1.3 0.5
v 0.3 1.3 0.5
v 0.4 1.3 0.5
v 0.5 1.3 0.5
v -0.6 1.3 0.4
v -0.5 1.3 0.4
v -0.4 1.3 0.4
v 0.4 1.3 0.4
v 0.5 1.3 0.4
v 0.6 1.3 0.4
v -0.6 1.3 0.3
v -0.5 1.3 0.3
v 0.5 1.3 0.3
v 0.6 1.3 0.3
v -0.6 1.3 0.2
v -0.5 1.3 0.2
v 0.5 1.3 0.2
v 0.6 1.3 0.2
v -0.7 1.3 0.1
v -0.6 1.3 0.1
v 0.6 1.3 0.1
v 0.7 1.3 0.1
v -0.7 1.3 0
v -0.6 1.3 0
v 0.6 1.3 0
v 0.7 1.3 0
v -0.7 1.3 -0.1
v -0.6 1.3 -0.1
v 0.6 1.3 -0.1
v 0.7 1.3 -0.1
v -0.6 1.3 -0.2
v -0.5 1.3 -0.2
v 0.5 1.3 -0.2
v 0.6 1.3 -0.2
v -0.6 1.3 -0.3
v -0.5 1.3 -0.3
v 0.5 1.3 -0.3
v 0.6 1.3 -0.3
v -0.6 1.3 -0.4
v -0.5 1.3 -0.4
v -0.4 1.3 -0.4
v 0.4 1.3 -0.4
v 0.5 1.3 -0.4
v 0.6 1.3 -0.4
v -0.5 1.3 -0.5
v -0.4 1.3 -0.5
v -0.3 1.3 -0.5
v -0.2 1.3 -0.5
v 0.2 1.3 -0.5
v 0.3 1.3 -0.5
v 0.4 1.3 -0.5
v 0.5 1.3 -0.5
v -0.4 1.3 -0.6
v -0.3 1.3 -0.6
v -0.2 1.3 -0.6
v -0.1 1.3 -0.6
v 0 1.3 -0.6
v 0.1 1.3 -0.6
v 0.2 1.3 -0.6
v 0.3 1.3 -0.6
v 0.4 1.3 -0.6
v -0.1 1.3 -0.7
v 0 1.3 -0.7
v 0.1 1.3 -0.7
v -0.2 1.4 0.6
v -0.1 1.4 0.6
v 0 1.4 0.6
v 0.1 1.4 0.6
v 0.2 1.4 0.6
v -0.4 1.4 0.5
v -0.3 1.4 0.5
v -0.2 1.4 0.5
v -0.1 1.4 0.5
v 0 1.4 0.5
v 0.1 1.4 0.5
v 0.2 1.4 0.5
v 0.3 1.4 0.5
v 0.4 1.4 0.5
v -0.5 1.4 0.4
v -0.4 1.4 0.4
v -0.3 1.4 0.4
v -0.1 1.4 0.4
v 0.1 1.4 0.4
v 0.2 1.4 0.4
v 0.3 1.4 0.4
v 0.4 1.4 0.4
v 0.5 1.4 0.4
v -0.5 1.4 0.3
v -0.4 1.4 0.3
v -0.3 1.4 0.3
v 0.3 1.4 0.3
v 0.4 1.4 0.3
v 0.5 1.4 0.3
v -0.6 1.4 0.2
v -0.5 1.4 0.2
v -0.4 1.4 0.2
v 0.4 1.4 0.2
v 0.5 1.4 0.2
v 0.6 1.4 0.2
v -0.6 1.4 0.1
v -0.5 1.4 0.1
v -0.4 1.4 0.1
v 0.4 1.4 0.1
v 0.5 1.4 0.1
v -0.6 1.4 0
v -0.5 1.4 0
v 0.5 1.4 0
v 0.6 1.4 0
v -0.5 1.4 -0.1
v -0.4 1.4 -0.1
v 0.4 1.4 -0.1
v 0.5 1.4 -0.1
v 0.6 1.4 -0.1
v -0.6 1.4 -0.2
v -0.5 1.4 -0.2
v -0.4 1.4 -0.2
v 0.4 1.4 -0.2
v 0.5 1.4 -0.2
v 0.6 1.4 -0.2
v -0.5 1.4 -0.3
v -0.4 1.4 -0.3
v -0.3 1.4 -0.3
v 0.3 1.4 -0.3
v 0.4 1.4 -0.3
v 0.5 1.4 -0.3
v -0.5 1.4 -0.4
v -0.4 1.4 -0.4
v -0.3 1.4 -0.4
v -0.2 1.4 -0.4
v -0.1 1.4 -0.4
v 0.1 1.4 -0.4
v 0.3 1.4 -0.4
v 0.4 1.4 -0.4
v 0.5 1.4 -0.4
v -0.4 1.4 -0.5
v -0.3 1.4 -0.5
v -0.2 1.4 -0.5
v -0.1 1.4 -0.5
v 0 1.4 -0.5
v 0.1 1.4 -0.5
v 0.2 1.4 -0.5
v 0.3 1.4 -0.5
v 0.4 1.4 -0.5
v -0.2 1.4 -0.6
v -0.1 1.4 -0.6
v 0 1.4 -0.6
v 0.1 1.4 -0.6
v 0.2 1.4 -0.6
v -0.1 1.5 0.5
v 0 1.5 0.5
v 0.1 1.5 0.5
v -0.3 1.5 0.4
v -0.1 1.5 0.4
v 0.1 1.5 0.4
v 0.2 1.5 0.4
v 0.3 1.5 0.4
v -0.4 1.5 0.3
v -0.3 1.5 0.3
v -0.2 1.5 0.3
v -0.1 1.5 0.3
v 0 1.5 0.3
v 0.1 1.5 0.3
v 0.3 1.5 0.3
v 0.4 1.5 0.3
v -0.4 1.5 0.2
v -0.2 1.5 0.2
v -0.1 1.5 0.2
v 0.1 1.5 0.2
v 0.2 1.5 0.2
v 0.4 1.5 0.2
v -0.5 1.5 0.1
v -0.4 1.5 0.1
v -0.3 1.5 0.1
v -0.2 1.5 0.1
v 0.2 1.5 0.1
v 0.3 1.5 0.1
v 0.4 1.5 0.1
v 0.5 1.5 0.1
v -0.5 1.5 0
v -0.3 1.5 0
v 0.3 1.5 0
v 0.5 1.5 0
v -0.5 1.5 -0.1
v -0.4 1.5 -0.1
v -0.3 1.5 -0.1
v -0.2 1.5 -0.1
v 0.2 1.5 -0.1
v 0.3 1.5 -0.1
v 0.4 1.5 -0.1
v 0.5 1.5 -0.1
v -0.4 1.5 -0.2
v -0.2 1.5 -0.2
v -0.1 1.5 -0.2
v 0.1 1.5 -0.2
v 0.2 1.5 -0.2
v 0.4 1.5 -0.2
v -0.4 1.5 -0.3
v -0.3 1.5 -0.3
v -0.1 1.5 -0.3
v 0 1.5 -0.3
v 0.1 1.5 -0.3
v 0.2 1.5 -0.3
v 0.3 1.5 -0.3
v 0.4 1.5 -0.3
v -0.3 1.5 -0.4
v -0.2 1.5 -0.4
v -0.1 1.5 -0.4
v 0.1 1.5 -0.4
v 0.3 1.5 -0.4
v -0.1 1.5 -0.5
v 0 1.5 -0.5
v 0.1 1.5 -0.5
v -0.1 1.6 0.3
v 0 1.6 0.3
v 0.1 1.6 0.3
v -0.2 1.6 0.2
v -0.1 1.6 0.2
v 0 1.6 0.2
v 0.1 1.6 0.2
v 0.2 1.6 0.2
v -0.3 1.6 0.1
v -0.2 1.6 0.1
v -0.1 1.6 0.1
v 0 1.6 0.1
v 0.1 1.6 0.1
v 0.2 1.6 0.1
v 0.3 1.6 0.1
v -0.3 1.6 0
v -0.2 1.6 0
v -0.1 1.6 0
v 0 1.6 0
v 0.1 1.6 0
v 0.2 1.6 0
v 0.3 1.6 0
v -0.3 1.6 -0.1
v -0.2 1.6 -0.1
v -0.1 1.6 -0.1
v 0 1.6 -0.1
v 0.1 1.6 -0.1
v 0.2 1.6 -0.1
v 0.3 1.6 -0.1
v -0.2 1.6 -0.2
v -0.1 1.6 -0.2
v 0 1.6 -0.2
v 0.1 1.6 -0.2
v 0.2 1.6 -0.2
v -0.1 1.6 -0.3
v 0 1.6 -0.3
v 0.1 1.6 -0.3

# faces
f 5/10/1 2/10/1 1/10/1
f 6/5/1 3/5/1 2/5/1
f 6/10/1 2/10/1 5/10/1
f 7/5/1 3/5/1 6/5/1
f 10/10/1 5/10/1 4/10/1
f 11/9/1 6/9/1 5/9/1
f 11/10/1 5/10/1 10/10/1
f 12/4/1 7/4/1 6/4/1
f 12/9/1 6/9/1 11/9/1
f 13/5/1 8/5/1 7/5/1
f 13/4/1 7/4/1 12/4/1
f 14/5/1 8/5/1 13/5/1
f 16/10/1 10/10/1 9/10/1
f 17/9/1 11/9/1 10/9/1
f 17/10/1 10/10/1 16/10/1
f 18/10/1 12/10/1 11/10/1
f 18/9/1 11/9/1 17/9/1
f 19/5/1 13/5/1 12/5/1
f 19/10/1 12/10/1 18/10/1
f 20/4/1 14/4/1 13/4/1
f 20/5/1 13/5/1 19/5/1
f 21/5/1 15/5/1 14/5/1
f 21/4/1 14/4/1 20/4/1
f 22/5/1 15/5/1 21/5/1
f 23/5/1 17/5/1 16/5/1
f 24/4/1 18/4/1 17/4/1
f 24/5/1 17/5/1 23/5/1
f 25/5/1 19/5/1 18/5/1
f 25/4/1 18/4/1 24/4/1
f 26/10/1 20/10/1 19/10/1
f 26/5/1 19/5/1 25/5/1
f 27/9/1 21/9/1 20/9/1
f 27/10/1 20/10/1 26/10/1
f 28/10/1 22/10/1 21/10/1
f 28/9/1 21/9/1 27/9/1
f 29/10/1 22/10/1 28/10/1
f 30/5/1 25/5/1 24/5/1
f 31/4/1 26/4/1 25/4/1
f 31/5/1 25/5/1 30/5/1
f 32/9/1 27/9/1 26/9/1
f 32/4/1 26/4/1 31/4/1
f 33/10/1 28/10/1 27/10/1
f 33/9/1 27/9/1 32/9/1
f 34/10/1 28/10/1 33/10/1
f 35/5/1 32/5/1 31/5/1
f 36/10/1 33/10/1 32/10/1
f 36/5/1 32/5/1 35/5/1
f 37/10/1 33/10/1 36/10/1
f 43/9/1 39/9/1 38/9/1
f 44/5/1 40/5/1 39/5/1
f 48/8/1 42/8/1 41/8/1
f 49/9/1 43/9/1 42/9/1
f 49/8/1 42/8/1 48/8/1
f 50/9/1 39/9/1 43/9/1
f 50/9/1 43/9/1 49/9/1
f 51/5/1 44/5/1 39/5/1
f 51/9/1 39/9/1 50/9/1
f 52/4/1 45/4/1 44/4/1
f 52/5/1 44/5/1 51/5/1
f 53/3/1 46/3/1 45/3/1
f 53/4/1 45/4/1 52/4/1
f 54/3/1 46/3/1 53/3/1
f 56/8/1 48/8/1 47/8/1
f 57/9/1 49/9/1 48/9/1
f 57/8/1 48/8/1 56/8/1
f 57/9/1 50/9/1 49/9/1
f 58/9/1 50/9/1 57/9/1
f 59/9/1 50/9/1 58/9/1
f 60/4/1 54/4/1 53/4/1
f 60/4/1 53/4/1 52/4/1
f 61/4/1 54/4/1 60/4/1
f 62/3/1 55/3/1 54/3/1
f 62/4/1 54/4/1 61/4/1
f 63/3/1 55/3/1 62/3/1
f 65/9/1 58/9/1 57/9/1
f 65/9/1 57/9/1 56/9/1
f 66/9/1 58/9/1 65/9/1
f 67/9/1 58/9/1 66/9/1
f 68/4/1 63/4/1 62/4/1
f 68/4/1 62/4/1 61/4/1
f 69/4/1 63/4/1 68/4/1
f 70/4/1 63/4/1 69/4/1
f 72/10/1 66/10/1 65/10/1
f 72/10/1 65/10/1 64/10/1
f 73/10/1 66/10/1 72/10/1
f 74/5/1 70/5/1 69/5/1
f 74/5/1 71/5/1 70/5/1
f 75/5/1 71/5/1 74/5/1
f 76/5/1 73/5/1 72/5/1
f 77/5/1 73/5/1 76/5/1
f 78/5/1 73/5/1 77/5/1
f 81/10/1 75/10/1 74/10/1
f 82/10/1 75/10/1 81/10/1
f 83/10/1 75/10/1 82/10/1
f 84/4/1 79/4/1 78/4/1
f 84/4/1 78/4/1 77/4/1
f 85/4/1 79/4/1 84/4/1
f 86/4/1 79/4/1 85/4/1
f 89/9/1 82/9/1 81/9/1
f 89/9/1 81/9/1 80/9/1
f 90/9/1 82/9/1 89/9/1
f 91/9/1 82/9/1 90/9/1
f 92/3/1 85/3/1 84/3/1
f 93/4/1 87/4/1 86/4/1
f 93/3/1 85/3/1 92/3/1
f 93/4/1 86/4/1 85/4/1
f 94/4/1 87/4/1 93/4/1
f 95/4/1 87/4/1 94/4/1
f 97/9/1 89/9/1 88/9/1
f 97/9/1 90/9/1 89/9/1
f 98/9/1 90/9/1 97/9/1
f 99/8/1 91/8/1 90/8/1
f 99/9/1 90/9/1 98/9/1
f 100/8/1 91/8/1 99/8/1
f 101/3/1 94/3/1 93/3/1
f 102/4/1 95/4/1 94/4/1
f 102/3/1 94/3/1 101/3/1
f 103/5/1 96/5/1 95/5/1
f 103/4/1 95/4/1 102/4/1
f 104/9/1 98/9/1 97/9/1
f 104/9/1 97/9/1 96/9/1
f 105/8/1 99/8/1 98/8/1
f 105/9/1 98/9/1 104/9/1
f 106/8/1 99/8/1 105/8/1
f 107/5/1 96/5/1 103/5/1
f 108/9/1 104/9/1 96/9/1
f 108/5/1 96/5/1 107/5/1
f 109/9/1 104/9/1 108/9/1
f 115/9/1 111/9/1 110/9/1
f 116/9/1 111/9/1 115/9/1
f 117/5/1 112/5/1 111/5/1
f 117/9/1 111/9/1 116/9/1
f 118/4/1 113/4/1 112/4/1
f 118/5/1 112/5/1 117/5/1
f 119/4/1 113/4/1 118/4/1
f 122/8/1 115/8/1 114/8/1
f 123/8/1 115/8/1 122/8/1
f 124/9/1 116/9/1 115/9/1
f 124/8/1 115/8/1 123/8/1
f 125/9/1 116/9/1 124/9/1
f 126/4/1 119/4/1 118/4/1
f 127/3/1 120/3/1 119/3/1
f 127/4/1 119/4/1 126/4/1
f 128/3/1 120/3/1 127/3/1
f 129/3/1 120/3/1 128/3/1
f 131/8/1 123/8/1 122/8/1
f 131/8/1 122/8/1 121/8/1
f 132/8/1 123/8/1 131/8/1
f 133/8/1 123/8/1 132/8/1
f 134/3/1 130/3/1 129/3/1
f 134/3/1 129/3/1 128/3/1
f 135/3/1 130/3/1 134/3/1
f 136/3/1 130/3/1 135/3/1
f 138/7/1 132/7/1 131/7/1
f 139/7/1 132/7/1 138/7/1
f 140/2/1 136/2/1 135/2/1
f 141/2/1 136/2/1 140/2/1
f 143/9/1 139/9/1 138/9/1
f 143/9/1 138/9/1 137/9/1
f 144/9/1 139/9/1 143/9/1
f 145/9/1 139/9/1 144/9/1
f 146/4/1 141/4/1 140/4/1
f 146/4/1 142/4/1 141/4/1
f 147/4/1 142/4/1 146/4/1
f 148/4/1 142/4/1 147/4/1
f 149/10/1 144/10/1 143/10/1
f 150/10/1 144/10/1 149/10/1
f 151/5/1 148/5/1 147/5/1
f 152/5/1 148/5/1 151/5/1
f 153/5/1 150/5/1 149/5/1
f 154/5/1 150/5/1 153/5/1
f 157/10/1 152/10/1 151/10/1
f 158/10/1 152/10/1 157/10/1
f 159/4/1 155/4/1 154/4/1
f 159/4/1 154/4/1 153/4/1
f 160/4/1 155/4/1 159/4/1
f 161/4/1 155/4/1 160/4/1
f 162/9/1 158/9/1 157/9/1
f 162/9/1 157/9/1 156/9/1
f 163/9/1 158/9/1 162/9/1
f 164/9/1 158/9/1 163/9/1
f 165/3/1 161/3/1 160/3/1
f 166/3/1 161/3/1 165/3/1
f 169/8/1 163/8/1 162/8/1
f 170/8/1 163/8/1 169/8/1
f 171/2/1 166/2/1 165/2/1
f 172/3/1 167/3/1 166/3/1
f 172/2/1 166/2/1 171/2/1
f 173/3/1 167/3/1 172/3/1
f 178/8/1 169/8/1 168/8/1
f 179/7/1 170/7/1 169/7/1
f 179/8/1 169/8/1 178/8/1
f 180/7/1 170/7/1 179/7/1
f 181/2/1 173/2/1 172/2/1
f 182/3/1 174/3/1 173/3/1
f 182/2/1 173/2/1 181/2/1
f 183/4/1 175/4/1 174/4/1
f 183/3/1 174/3/1 182/3/1
f 184/4/1 175/4/1 183/4/1
f 186/9/1 177/9/1 176/9/1
f 187/8/1 178/8/1 177/8/1
f 187/9/1 177/9/1 186/9/1
f 188/7/1 179/7/1 178/7/1
f 188/8/1 178/8/1 187/8/1
f 189/7/1 179/7/1 188/7/1
f 190/4/1 184/4/1 183/4/1
f 191/5/1 185/5/1 184/5/1
f 191/4/1 184/4/1 190/4/1
f 192/9/1 186/9/1 185/9/1
f 192/5/1 185/5/1 191/5/1
f 192/9/1 187/9/1 186/9/1
f 193/9/1 187/9/1 192/9/1
f 199/9/1 195/9/1 194/9/1
f 200/5/1 196/5/1 195/5/1
f 200/9/1 195/9/1 199/9/1
f 201/5/1 196/5/1 200/5/1
f 206/8/1 198/8/1 197/8/1
f 207/8/1 198/8/1 206/8/1
f 208/4/1 203/4/1 202/4/1
f 209/3/1 204/3/1 203/3/1
f 209/4/1 203/4/1 208/4/1
f 210/3/1 204/3/1 209/3/1
f 213/8/1 206/8/1 205/8/1
f 214/8/1 206/8/1 213/8/1
f 215/3/1 211/3/1 210/3/1
f 216/3/1 211/3/1 215/3/1
f 218/8/1 213/8/1 212/8/1
f 219/8/1 213/8/1 218/8/1
f 220/3/1 217/3/1 216/3/1
f 221/3/1 217/3/1 220/3/1
f 222/7/1 219/7/1 218/7/1
f 223/7/1 219/7/1 222/7/1
f 224/2/1 221/2/1 220/2/1
f 225/2/1 221/2/1 224/2/1
f 230/10/1 227/10/1 226/10/1
f 231/10/1 227/10/1 230/10/1
f 232/5/1 229/5/1 228/5/1
f 233/5/1 229/5/1 232/5/1
f 234/5/1 231/5/1 230/5/1
f 235/5/1 231/5/1 234/5/1
f 236/10/1 233/10/1 232/10/1
f 237/10/1 233/10/1 236/10/1
f 242/3/1 239/3/1 238/3/1
f 243/3/1 239/3/1 242/3/1
f 244/8/1 241/8/1 240/8/1
f 245/8/1 241/8/1 244/8/1
f 246/2/1 243/2/1 242/2/1
f 247/2/1 243/2/1 246/2/1
f 250/7/1 245/7/1 244/7/1
f 251/7/1 245/7/1 250/7/1
f 252/1/1 248/1/1 247/1/1
f 253/1/1 248/1/1 252/1/1
f 258/6/1 250/6/1 249/6/1
f 259/6/1 250/6/1 258/6/1
f 260/2/1 254/2/1 253/2/1
f 261/3/1 255/3/1 254/3/1
f 261/2/1 254/2/1 260/2/1
f 262/3/1 255/3/1 261/3/1
f 266/8/1 257/8/1 256/8/1
f 267/7/1 258/7/1 257/7/1
f 267/8/1 257/8/1 266/8/1
f 268/7/1 258/7/1 267/7/1
f 269/5/1 264/5/1 263/5/1
f 270/9/1 265/9/1 264/9/1
f 270/5/1 264/5/1 269/5/1
f 271/9/1 265/9/1 270/9/1
f 279/8/1 273/8/1 272/8/1
f 280/9/1 274/9/1 273/9/1
f 280/8/1 273/8/1 279/8/1
f 281/9/1 274/9/1 280/9/1
f 282/4/1 276/4/1 275/4/1
f 283/4/1 276/4/1 282/4/1
f 287/8/1 278/8/1 277/8/1
f 288/8/1 278/8/1 287/8/1
f 289/3/1 285/3/1 284/3/1
f 290/3/1 285/3/1 289/3/1
f 292/8/1 287/8/1 286/8/1
f 293/8/1 287/8/1 292/8/1
f 294/3/1 291/3/1 290/3/1
f 295/3/1 291/3/1 294/3/1
f 300/8/1 297/8/1 296/8/1
f 301/8/1 297/8/1 300/8/1
f 302/3/1 299/3/1 298/3/1
f 303/3/1 299/3/1 302/3/1
f 304/9/1 301/9/1 300/9/1
f 305/9/1 301/9/1 304/9/1
f 306/4/1 303/4/1 302/4/1
f 307/4/1 303/4/1 306/4/1
f 312/4/1 309/4/1 308/4/1
f 313/4/1 309/4/1 312/4/1
f 314/9/1 311/9/1 310/9/1
f 315/9/1 311/9/1 314/9/1
f 316/3/1 313/3/1 312/3/1
f 317/3/1 313/3/1 316/3/1
f 318/8/1 315/8/1 314/8/1
f 319/8/1 315/8/1 318/8/1
f 324/2/1 321/2/1 320/2/1
f 325/2/1 321/2/1 324/2/1
f 328/7/1 323/7/1 322/7/1
f 329/7/1 323/7/1 328/7/1
f 330/2/1 326/2/1 325/2/1
f 331/2/1 326/2/1 330/2/1
f 338/7/1 328/7/1 327/7/1
f 339/7/1 328/7/1 338/7/1
f 340/3/1 333/3/1 332/3/1
f 341/4/1 334/4/1 333/4/1
f 341/3/1 333/3/1 340/3/1
f 342/4/1 334/4/1 341/4/1
f 343/9/1 336/9/1 335/9/1
f 344/8/1 337/8/1 336/8/1
f 344/9/1 336/9/1 343/9/1
f 345/8/1 337/8/1 344/8/1
f 351/10/1 347/10/1 346/10/1
f 352/5/1 348/5/1 347/5/1
f 352/10/1 347/10/1 351/10/1
f 353/5/1 348/5/1 352/5/1
f 356/8/1 350/8/1 349/8/1
f 357/8/1 350/8/1 356/8/1
f 358/4/1 355/4/1 354/4/1
f 359/4/1 355/4/1 358/4/1
f 364/8/1 361/8/1 360/8/1
f 365/8/1 361/8/1 364/8/1
f 366/3/1 363/3/1 362/3/1
f 367/3/1 363/3/1 366/3/1
f 372/10/1 369/10/1 368/10/1
f 373/10/1 369/10/1 372/10/1
f 374/5/1 371/5/1 370/5/1
f 375/5/1 371/5/1 374/5/1
f 376/5/1 373/5/1 372/5/1
f 377/5/1 373/5/1 376/5/1
f 378/10/1 375/10/1 374/10/1
f 379/10/1 375/10/1 378/10/1
f 384/3/1 381/3/1 380/3/1
f 385/3/1 381/3/1 384/3/1
f 386/8/1 383/8/1 382/8/1
f 387/8/1 383/8/1 386/8/1
f 392/3/1 389/3/1 388/3/1
f 393/3/1 389/3/1 392/3/1
f 397/8/1 391/8/1 390/8/1
f 398/8/1 391/8/1 397/8/1
f 399/5/1 395/5/1 394/5/1
f 400/10/1 396/10/1 395/10/1
f 400/5/1 395/5/1 399/5/1
f 401/10/1 396/10/1 400/10/1
f 406/10/1 403/10/1 402/10/1
f 407/10/1 403/10/1 406/10/1
f 408/5/1 405/5/1 404/5/1
f 409/5/1 405/5/1 408/5/1
f 414/9/1 411/9/1 410/9/1
f 415/9/1 411/9/1 414/9/1
f 416/4/1 413/4/1 412/4/1
f 417/4/1 413/4/1 416/4/1
f 422/10/1 419/10/1 418/10/1
f 423/10/1 419/10/1 422/10/1
f 424/5/1 421/5/1 420/5/1
f 425/5/1 421/5/1 424/5/1
f 430/5/1 427/5/1 426/5/1
f 431/5/1 427/5/1 430/5/1
f 432/10/1 429/10/1 428/10/1
f 433/10/1 429/10/1 432/10/1
f 438/3/1 435/3/1 434/3/1
f 439/3/1 435/3/1 438/3/1
f 440/9/1 437/9/1 436/9/1
f 441/9/1 437/9/1 440/9/1
f 446/5/1 443/5/1 442/5/1
f 447/5/1 443/5/1 446/5/1
f 448/10/1 445/10/1 444/10/1
f 449/10/1 445/10/1 448/10/1
f 456/10/1 451/10/1 450/10/1
f 457/10/1 451/10/1 456/10/1
f 458/5/1 453/5/1 452/5/1
f 459/5/1 453/5/1 458/5/1
f 462/10/1 455/10/1 454/10/1
f 463/10/1 455/10/1 462/10/1
f 464/4/1 461/4/1 460/4/1
f 465/4/1 461/4/1 464/4/1
f 470/10/1 467/10/1 466/10/1
f 471/10/1 467/10/1 470/10/1
f 472/4/1 469/4/1 468/4/1
f 473/4/1 469/4/1 472/4/1
f 478/10/1 475/10/1 474/10/1
f 479/10/1 475/10/1 478/10/1
f 480/5/1 477/5/1 476/5/1
f 481/5/1 477/5/1 480/5/1
f 486/5/1 483/5/1 482/5/1
f 487/5/1 483/5/1 486/5/1
f 488/10/1 485/10/1 484/10/1
f 489/10/1 485/10/1 488/10/1
f 494/4/1 491/4/1 490/4/1
f 495/4/1 491/4/1 494/4/1
f 496/10/1 493/10/1 492/10/1
f 497/10/1 493/10/1 496/10/1
f 502/4/1 499/4/1 498/4/1
f 503/4/1 499/4/1 502/4/1
f 508/10/1 501/10/1 500/10/1
f 509/10/1 501/10/1 508/10/1
f 510/5/1 505/5/1 504/5/1
f 511/5/1 505/5/1 510/5/1
f 512/10/1 507/10/1 506/10/1
f 513/10/1 507/10/1 512/10/1
f 514/5/2 515/5/2 520/5/2
f 520/5/2 515/5/2 521/5/2
f 516/10/2 517/10/2 522/10/2
f 522/10/2 517/10/2 523/10/2
f 518/4/2 519/4/2 526/4/2
f 526/4/2 519/4/2 527/4/2
f 524/10/2 525/10/2 528/10/2
f 528/10/2 525/10/2 529/10/2
f 530/4/2 531/4/2 534/4/2
f 534/4/2 531/4/2 535/4/2
f 532/10/2 533/10/2 536/10/2
f 536/10/2 533/10/2 537/10/2
f 538/5/2 539/5/2 542/5/2
f 542/5/2 539/5/2 543/5/2
f 540/10/2 541/10/2 544/10/2
f 544/10/2 541/10/2 545/10/2
f 546/10/2 547/10/2 550/10/2
f 550/10/2 547/10/2 551/10/2
f 548/5/2 549/5/2 552/5/2
f 552/5/2 549/5/2 553/5/2
f 554/10/2 555/10/2 558/10/2
f 558/10/2 555/10/2 559/10/2
f 556/4/2 557/4/2 560/4/2
f 560/4/2 557/4/2 561/4/2
f 562/10/2 563/10/2 566/10/2
f 566/10/2 563/10/2 567/10/2
f 564/4/2 565/4/2 572/4/2
f 572/4/2 565/4/2 573/4/2
f 568/10/2 569/10/2 574/10/2
f 574/10/2 569/10/2 575/10/2
f 570/5/2 571/5/2 576/5/2
f 576/5/2 571/5/2 577/5/2
f 578/5/2 579/5/2 582/5/2
f 582/5/2 579/5/2 583/5/2
f 580/10/2 581/10/2 584/10/2
f 584/10/2 581/10/2 585/10/2
f 586/4/2 587/4/2 590/4/2
f 590/4/2 587/4/2 591/4/2
f 588/9/2 589/9/2 592/9/2
f 592/9/2 589/9/2 593/9/2
f 594/5/2 595/5/2 598/5/2
f 598/5/2 595/5/2 599/5/2
f 596/10/2 597/10/2 600/10/2
f 600/10/2 597/10/2 601/10/2
f 602/10/2 603/10/2 606/10/2
f 606/10/2 603/10/2 607/10/2
f 604/5/2 605/5/2 608/5/2
f 608/5/2 605/5/2 609/5/2
f 610/9/2 611/9/2 614/9/2
f 614/9/2 611/9/2 615/9/2
f 612/3/2 613/3/2 616/3/2
f 616/3/2 613/3/2 617/3/2
f 618/10/2 619/10/2 622/10/2
f 622/10/2 619/10/2 623/10/2
f 620/5/2 621/5/2 624/5/2
f 624/5/2 621/5/2 625/5/2
f 626/5/2 627/5/2 631/5/2
f 627/10/2 628/10/2 632/10/2
f 631/5/2 627/5/2 632/5/2
f 632/10/2 628/10/2 633/10/2
f 629/4/2 630/4/2 636/4/2
f 636/4/2 630/4/2 637/4/2
f 634/8/2 635/8/2 638/8/2
f 638/8/2 635/8/2 639/8/2
f 640/3/2 641/3/2 644/3/2
f 644/3/2 641/3/2 645/3/2
f 642/8/2 643/8/2 646/8/2
f 646/8/2 643/8/2 647/8/2
f 648/5/2 649/5/2 652/5/2
f 652/5/2 649/5/2 653/5/2
f 650/10/2 651/10/2 654/10/2
f 654/10/2 651/10/2 655/10/2
f 652/10/2 653/10/2 656/10/2
f 656/10/2 653/10/2 657/10/2
f 654/5/2 655/5/2 658/5/2
f 658/5/2 655/5/2 659/5/2
f 660/8/2 661/8/2 664/8/2
f 664/8/2 661/8/2 665/8/2
f 662/3/2 663/3/2 666/3/2
f 666/3/2 663/3/2 667/3/2
f 668/8/2 669/8/2 672/8/2
f 672/8/2 669/8/2 673/8/2
f 670/3/2 671/3/2 677/3/2
f 677/3/2 671/3/2 678/3/2
f 674/10/2 675/10/2 679/10/2
f 675/5/2 676/5/2 680/5/2
f 679/10/2 675/10/2 680/10/2
f 680/5/2 676/5/2 681/5/2
f 682/4/2 683/4/2 689/4/2
f 689/4/2 683/4/2 690/4/2
f 684/9/2 685/9/2 691/9/2
f 685/8/2 686/8/2 692/8/2
f 691/9/2 685/9/2 692/9/2
f 692/8/2 686/8/2 693/8/2
f 687/3/2 688/3/2 697/3/2
f 697/3/2 688/3/2 698/3/2
f 694/8/2 695/8/2 699/8/2
f 699/8/2 695/8/2 700/8/2
f 696/3/2 697/3/2 702/3/2
f 702/3/2 697/3/2 703/3/2
f 700/8/2 701/8/2 704/8/2
f 704/8/2 701/8/2 705/8/2
f 706/3/2 707/3/2 710/3/2
f 710/3/2 707/3/2 711/3/2
f 708/8/2 709/8/2 712/8/2
f 712/8/2 709/8/2 713/8/2
f 710/4/2 711/4/2 714/4/2
f 714/4/2 711/4/2 715/4/2
f 712/9/2 713/9/2 716/9/2
f 716/9/2 713/9/2 717/9/2
f 718/9/2 719/9/2 722/9/2
f 722/9/2 719/9/2 723/9/2
f 720/4/2 721/4/2 724/4/2
f 724/4/2 721/4/2 725/4/2
f 722/8/2 723/8/2 726/8/2
f 726/8/2 723/8/2 727/8/2
f 724/3/2 725/3/2 728/3/2
f 728/3/2 725/3/2 729/3/2
f 730/7/2 731/7/2 734/7/2
f 734/7/2 731/7/2 735/7/2
f 732/2/2 733/2/2 738/2/2
f 738/2/2 733/2/2 739/2/2
f 735/7/2 736/7/2 740/7/2
f 740/7/2 736/7/2 741/7/2
f 737/2/2 738/2/2 748/2/2
f 748/2/2 738/2/2 749/2/2
f 742/8/2 743/8/2 750/8/2
f 743/9/2 744/9/2 751/9/2
f 750/8/2 743/8/2 751/8/2
f 751/9/2 744/9/2 752/9/2
f 745/4/2 746/4/2 753/4/2
f 746/3/2 747/3/2 754/3/2
f 753/4/2 746/4/2 754/4/2
f 754/3/2 747/3/2 755/3/2
f 756/5/2 757/5/2 762/5/2
f 757/9/2 758/9/2 763/9/2
f 762/5/2 757/5/2 763/5/2
f 763/9/2 758/9/2 764/9/2
f 759/3/2 760/3/2 768/3/2
f 760/4/2 761/4/2 769/4/2
f 768/3/2 760/3/2 769/3/2
f 769/4/2 761/4/2 770/4/2
f 765/8/2 766/8/2 771/8/2
f 771/8/2 766/8/2 772/8/2
f 767/3/2 768/3/2 775/3/2
f 775/3/2 768/3/2 776/3/2
f 772/8/2 773/8/2 777/8/2
f 777/8/2 773/8/2 778/8/2
f 774/3/2 775/3/2 780/3/2
f 780/3/2 775/3/2 781/3/2
f 778/8/2 779/8/2 782/8/2
f 782/8/2 779/8/2 783/8/2
f 780/2/2 781/2/2 784/2/2
f 784/2/2 781/2/2 785/2/2
f 782/7/2 783/7/2 786/7/2
f 786/7/2 783/7/2 787/7/2
f 788/5/2 789/5/2 792/5/2
f 792/5/2 789/5/2 793/5/2
f 790/10/2 791/10/2 794/10/2
f 794/10/2 791/10/2 795/10/2
f 792/10/2 793/10/2 796/10/2
f 796/10/2 793/10/2 797/10/2
f 794/5/2 795/5/2 798/5/2
f 798/5/2 795/5/2 799/5/2
f 800/8/2 801/8/2 804/8/2
f 804/8/2 801/8/2 805/8/2
f 802/3/2 803/3/2 806/3/2
f 806/3/2 803/3/2 807/3/2
f 804/7/2 805/7/2 808/7/2
f 808/7/2 805/7/2 809/7/2
f 806/2/2 807/2/2 812/2/2
f 812/2/2 807/2/2 813/2/2
f 809/6/2 810/6/2 814/6/2
f 814/6/2 810/6/2 815/6/2
f 811/1/2 812/1/2 820/1/2
f 820/1/2 812/1/2 821/1/2
f 815/7/2 816/7/2 822/7/2
f 816/8/2 817/8/2 823/8/2
f 822/7/2 816/7/2 823/7/2
f 823/8/2 817/8/2 824/8/2
f 818/3/2 819/3/2 828/3/2
f 819/2/2 820/2/2 829/2/2
f 828/3/2 819/3/2 829/3/2
f 829/2/2 820/2/2 830/2/2
f 825/9/2 826/9/2 831/9/2
f 826/5/2 827/5/2 832/5/2
f 831/9/2 826/9/2 832/9/2
f 832/5/2 827/5/2 833/5/2
f 834/4/2 835/4/2 839/4/2
f 835/5/2 836/5/2 840/5/2
f 839/4/2 835/4/2 840/4/2
f 836/9/2 837/9/2 841/9/2
f 840/5/2 836/5/2 841/5/2
f 841/9/2 837/9/2 842/9/2
f 842/9/2 837/9/2 843/9/2
f 838/3/2 839/3/2 846/3/2
f 846/3/2 839/3/2 847/3/2
f 839/4/2 840/4/2 848/4/2
f 847/3/2 839/3/2 848/3/2
f 848/4/2 840/4/2 849/4/2
f 842/9/2 843/9/2 850/9/2
f 843/8/2 844/8/2 851/8/2
f 850/9/2 843/9/2 851/9/2
f 851/8/2 844/8/2 852/8/2
f 852/8/2 844/8/2 853/8/2
f 846/3/2 847/3/2 855/3/2
f 845/3/2 846/3/2 855/3/2
f 855/3/2 847/3/2 856/3/2
f 856/3/2 847/3/2 857/3/2
f 853/8/2 854/8/2 858/8/2
f 852/8/2 853/8/2 858/8/2
f 858/8/2 854/8/2 859/8/2
f 859/8/2 854/8/2 860/8/2
f 855/2/2 856/2/2 862/2/2
f 862/2/2 856/2/2 863/2/2
f 859/7/2 860/7/2 864/7/2
f 864/7/2 860/7/2 865/7/2
f 862/4/2 863/4/2 867/4/2
f 861/4/2 862/4/2 867/4/2
f 867/4/2 863/4/2 868/4/2
f 868/4/2 863/4/2 869/4/2
f 864/9/2 865/9/2 870/9/2
f 865/9/2 866/9/2 870/9/2
f 870/9/2 866/9/2 871/9/2
f 871/9/2 866/9/2 872/9/2
f 867/5/2 868/5/2 873/5/2
f 873/5/2 868/5/2 874/5/2
f 871/10/2 872/10/2 875/10/2
f 875/10/2 872/10/2 876/10/2
f 873/10/2 874/10/2 877/10/2
f 877/10/2 874/10/2 878/10/2
f 875/5/2 876/5/2 881/5/2
f 881/5/2 876/5/2 882/5/2
f 878/9/2 879/9/2 883/9/2
f 877/9/2 878/9/2 883/9/2
f 883/9/2 879/9/2 884/9/2
f 884/9/2 879/9/2 885/9/2
f 881/4/2 882/4/2 886/4/2
f 880/4/2 881/4/2 886/4/2
f 886/4/2 882/4/2 887/4/2
f 887/4/2 882/4/2 888/4/2
f 884/8/2 885/8/2 889/8/2
f 889/8/2 885/8/2 890/8/2
f 886/3/2 887/3/2 893/3/2
f 893/3/2 887/3/2 894/3/2
f 889/7/2 890/7/2 895/7/2
f 890/8/2 891/8/2 896/8/2
f 895/7/2 890/7/2 896/7/2
f 896/8/2 891/8/2 897/8/2
f 892/3/2 893/3/2 902/3/2
f 893/2/2 894/2/2 903/2/2
f 902/3/2 893/3/2 903/3/2
f 903/2/2 894/2/2 904/2/2
f 896/7/2 897/7/2 905/7/2
f 897/8/2 898/8/2 906/8/2
f 905/7/2 897/7/2 906/7/2
f 898/9/2 899/9/2 907/9/2
f 906/8/2 898/8/2 907/8/2
f 907/9/2 899/9/2 908/9/2
f 900/4/2 901/4/2 910/4/2
f 901/3/2 902/3/2 911/3/2
f 910/4/2 901/4/2 911/4/2
f 902/2/2 903/2/2 912/2/2
f 911/3/2 902/3/2 912/3/2
f 912/2/2 903/2/2 913/2/2
f 908/9/2 909/9/2 914/9/2
f 907/9/2 908/9/2 914/9/2
f 909/5/2 910/5/2 915/5/2
f 914/9/2 909/9/2 915/9/2
f 910/4/2 911/4/2 916/4/2
f 915/5/2 910/5/2 916/5/2
f 916/4/2 911/4/2 917/4/2
f 918/5/2 919/5/2 923/5/2
f 919/9/2 920/9/2 924/9/2
f 921/3/2 922/3/2 928/3/2
f 922/4/2 923/4/2 929/4/2
f 928/3/2 922/3/2 929/3/2
f 923/5/2 919/5/2 930/5/2
f 929/4/2 923/4/2 930/4/2
f 919/9/2 924/9/2 931/9/2
f 930/5/2 919/5/2 931/5/2
f 924/9/2 925/9/2 931/9/2
f 931/9/2 925/9/2 932/9/2
f 925/8/2 926/8/2 933/8/2
f 932/9/2 925/9/2 933/9/2
f 933/8/2 926/8/2 934/8/2
f 927/3/2 928/3/2 936/3/2
f 928/4/2 929/4/2 937/4/2
f 936/3/2 928/3/2 937/3/2
f 929/4/2 930/4/2 937/4/2
f 937/4/2 930/4/2 938/4/2
f 938/4/2 930/4/2 939/4/2
f 933/9/2 934/9/2 940/9/2
f 932/9/2 933/9/2 940/9/2
f 940/9/2 934/9/2 941/9/2
f 934/8/2 935/8/2 942/8/2
f 941/9/2 934/9/2 942/9/2
f 942/8/2 935/8/2 943/8/2
f 937/4/2 938/4/2 945/4/2
f 936/4/2 937/4/2 945/4/2
f 945/4/2 938/4/2 946/4/2
f 946/4/2 938/4/2 947/4/2
f 942/9/2 943/9/2 948/9/2
f 941/9/2 942/9/2 948/9/2
f 948/9/2 943/9/2 949/9/2
f 949/9/2 943/9/2 950/9/2
f 945/5/2 946/5/2 952/5/2
f 944/5/2 945/5/2 952/5/2
f 952/5/2 946/5/2 953/5/2
f 949/10/2 950/10/2 954/10/2
f 950/10/2 951/10/2 954/10/2
f 954/10/2 951/10/2 955/10/2
f 952/10/2 953/10/2 956/10/2
f 956/10/2 953/10/2 957/10/2
f 957/10/2 953/10/2 958/10/2
f 954/5/2 955/5/2 961/5/2
f 961/5/2 955/5/2 962/5/2
f 962/5/2 955/5/2 963/5/2
f 958/9/2 959/9/2 964/9/2
f 957/9/2 958/9/2 964/9/2
f 964/9/2 959/9/2 965/9/2
f 965/9/2 959/9/2 966/9/2
f 961/4/2 962/4/2 969/4/2
f 960/4/2 961/4/2 969/4/2
f 969/4/2 962/4/2 970/4/2
f 970/4/2 962/4/2 971/4/2
f 964/8/2 965/8/2 972/8/2
f 966/9/2 967/9/2 973/9/2
f 972/8/2 965/8/2 973/8/2
f 965/9/2 966/9/2 973/9/2
f 973/9/2 967/9/2 974/9/2
f 974/9/2 967/9/2 975/9/2
f 968/4/2 969/4/2 977/4/2
f 969/4/2 970/4/2 977/4/2
f 977/4/2 970/4/2 978/4/2
f 970/3/2 971/3/2 979/3/2
f 978/4/2 970/4/2 979/4/2
f 979/3/2 971/3/2 980/3/2
f 973/8/2 974/8/2 981/8/2
f 975/9/2 976/9/2 982/9/2
f 981/8/2 974/8/2 982/8/2
f 974/9/2 975/9/2 982/9/2
f 982/9/2 976/9/2 983/9/2
f 977/4/2 978/4/2 984/4/2
f 976/5/2 977/5/2 984/5/2
f 978/3/2 979/3/2 985/3/2
f 984/4/2 978/4/2 985/4/2
f 985/3/2 979/3/2 986/3/2
f 983/9/2 976/9/2 987/9/2
f 976/5/2 984/5/2 988/5/2
f 987/9/2 976/9/2 988/9/2
f 988/5/2 984/5/2 989/5/2
f 990/5/2 991/5/2 994/5/2
f 991/10/2 992/10/2 995/10/2
f 994/5/2 991/5/2 995/5/2
f 995/10/2 992/10/2 996/10/2
f 993/5/2 994/5/2 999/5/2
f 994/4/2 995/4/2 1000/4/2
f 999/5/2 994/5/2 1000/5/2
f 995/9/2 996/9/2 1001/9/2
f 1000/4/2 995/4/2 1001/4/2
f 996/10/2 997/10/2 1002/10/2
f 1001/9/2 996/9/2 1002/9/2
f 1002/10/2 997/10/2 1003/10/2
f 998/5/2 999/5/2 1005/5/2
f 999/4/2 1000/4/2 1006/4/2
f 1005/5/2 999/5/2 1006/5/2
f 1000/5/2 1001/5/2 1007/5/2
f 1006/4/2 1000/4/2 1007/4/2
f 1001/10/2 1002/10/2 1008/10/2
f 1007/5/2 1001/5/2 1008/5/2
f 1002/9/2 1003/9/2 1009/9/2
f 1008/10/2 1002/10/2 1009/10/2
f 1003/10/2 1004/10/2 1010/10/2
f 1009/9/2 1003/9/2 1010/9/2
f 1010/10/2 1004/10/2 1011/10/2
f 1005/10/2 1006/10/2 1012/10/2
f 1006/9/2 1007/9/2 1013/9/2
f 1012/10/2 1006/10/2 1013/10/2
f 1007/10/2 1008/10/2 1014/10/2
f 1013/9/2 1007/9/2 1014/9/2
f 1008/5/2 1009/5/2 1015/5/2
f 1014/10/2 1008/10/2 1015/10/2
f 1009/4/2 1010/4/2 1016/4/2
f 1015/5/2 1009/5/2 1016/5/2
f 1010/5/2 1011/5/2 1017/5/2
f 1016/4/2 1010/4/2 1017/4/2
f 1017/5/2 1011/5/2 1018/5/2
f 1013/10/2 1014/10/2 1019/10/2
f 1014/9/2 1015/9/2 1020/9/2
f 1019/10/2 1014/10/2 1020/10/2
f 1015/4/2 1016/4/2 1021/4/2
f 1020/9/2 1015/9/2 1021/9/2
f 1016/5/2 1017/5/2 1022/5/2
f 1021/4/2 1016/4/2 1022/4/2
f 1022/5/2 1017/5/2 1023/5/2
f 1020/10/2 1021/10/2 1024/10/2
f 1021/5/2 1022/5/2 1025/5/2
f 1024/10/2 1021/10/2 1025/10/2
f 1025/5/2 1022/5/2 1026/5/2
f 1031/10/3 1028/10/3 1027/10/3
f 1032/5/3 1029/5/3 1028/5/3
f 1032/10/3 1028/10/3 1031/10/3
f 1033/5/3 1029/5/3 1032/5/3
f 1036/10/3 1031/10/3 1030/10/3
f 1037/9/3 1032/9/3 1031/9/3
f 1037/10/3 1031/10/3 1036/10/3
f 1038/4/3 1033/4/3 1032/4/3
f 1038/9/3 1032/9/3 1037/9/3
f 1039/5/3 1034/5/3 1033/5/3
f 1039/4/3 1033/4/3 1038/4/3
f 1040/5/3 1034/5/3 1039/5/3
f 1042/10/3 1036/10/3 1035/10/3
f 1043/9/3 1037/9/3 1036/9/3
f 1043/10/3 1036/10/3 1042/10/3
f 1044/10/3 1038/10/3 1037/10/3
f 1044/9/3 1037/9/3 1043/9/3
f 1045/5/3 1039/5/3 1038/5/3
f 1045/10/3 1038/10/3 1044/10/3
f 1046/4/3 1040/4/3 1039/4/3
f 1046/5/3 1039/5/3 1045/5/3
f 1047/5/3 1041/5/3 1040/5/3
f 1047/4/3 1040/4/3 1046/4/3
f 1048/5/3 1041/5/3 1047/5/3
f 1049/5/3 1043/5/3 1042/5/3
f 1050/4/3 1044/4/3 1043/4/3
f 1050/5/3 1043/5/3 1049/5/3
f 1051/5/3 1045/5/3 1044/5/3
f 1051/4/3 1044/4/3 1050/4/3
f 1052/10/3 1046/10/3 1045/10/3
f 1052/5/3 1045/5/3 1051/5/3
f 1053/9/3 1047/9/3 1046/9/3
f 1053/10/3 1046/10/3 1052/10/3
f 1054/10/3 1048/10/3 1047/10/3
f 1054/9/3 1047/9/3 1053/9/3
f 1055/10/3 1048/10/3 1054/10/3
f 1056/5/3 1051/5/3 1050/5/3
f 1057/4/3 1052/4/3 1051/4/3
f 1057/5/3 1051/5/3 1056/5/3
f 1058/9/3 1053/9/3 1052/9/3
f 1058/4/3 1052/4/3 1057/4/3
f 1059/10/3 1054/10/3 1053/10/3
f 1059/9/3 1053/9/3 1058/9/3
f 1060/10/3 1054/10/3 1059/10/3
f 1061/5/3 1058/5/3 1057/5/3
f 1062/10/3 1059/10/3 1058/10/3
f 1062/5/3 1058/5/3 1061/5/3
f 1063/10/3 1059/10/3 1062/10/3
f 1069/10/3 1065/10/3 1064/10/3
f 1070/5/3 1066/5/3 1065/5/3
f 1074/8/3 1068/8/3 1067/8/3
f 1075/9/3 1069/9/3 1068/9/3
f 1075/8/3 1068/8/3 1074/8/3
f 1076/10/3 1065/10/3 1069/10/3
f 1076/9/3 1069/9/3 1075/9/3
f 1077/5/3 1070/5/3 1065/5/3
f 1077/10/3 1065/10/3 1076/10/3
f 1078/4/3 1071/4/3 1070/4/3
f 1078/5/3 1070/5/3 1077/5/3
f 1079/3/3 1072/3/3 1071/3/3
f 1079/4/3 1071/4/3 1078/4/3
f 1080/3/3 1072/3/3 1079/3/3
f 1082/8/3 1074/8/3 1073/8/3
f 1083/9/3 1075/9/3 1074/9/3
f 1083/8/3 1074/8/3 1082/8/3
f 1083/9/3 1076/9/3 1075/9/3
f 1084/9/3 1076/9/3 1083/9/3
f 1085/9/3 1076/9/3 1084/9/3
f 1086/4/3 1080/4/3 1079/4/3
f 1086/4/3 1079/4/3 1078/4/3
f 1087/4/3 1080/4/3 1086/4/3
f 1088/3/3 1081/3/3 1080/3/3
f 1088/4/3 1080/4/3 1087/4/3
f 1089/3/3 1081/3/3 1088/3/3
f 1091/9/3 1084/9/3 1083/9/3
f 1091/9/3 1083/9/3 1082/9/3
f 1092/9/3 1084/9/3 1091/9/3
f 1093/9/3 1084/9/3 1092/9/3
f 1094/4/3 1089/4/3 1088/4/3
f 1094/4/3 1088/4/3 1087/4/3
f 1095/4/3 1089/4/3 1094/4/3
f 1096/4/3 1089/4/3 1095/4/3
f 1098/10/3 1092/10/3 1091/10/3
f 1098/10/3 1091/10/3 1090/10/3
f 1099/10/3 1092/10/3 1098/10/3
f 1100/4/3 1096/4/3 1095/4/3
f 1100/4/3 1097/4/3 1096/4/3
f 1101/4/3 1097/4/3 1100/4/3
f 1102/4/3 1099/4/3 1098/4/3
f 1103/4/3 1099/4/3 1102/4/3
f 1104/4/3 1099/4/3 1103/4/3
f 1107/10/3 1101/10/3 1100/10/3
f 1108/10/3 1101/10/3 1107/10/3
f 1109/10/3 1101/10/3 1108/10/3
f 1110/4/3 1105/4/3 1104/4/3
f 1110/4/3 1104/4/3 1103/4/3
f 1111/4/3 1105/4/3 1110/4/3
f 1112/4/3 1105/4/3 1111/4/3
f 1115/9/3 1108/9/3 1107/9/3
f 1115/9/3 1107/9/3 1106/9/3
f 1116/9/3 1108/9/3 1115/9/3
f 1117/9/3 1108/9/3 1116/9/3
f 1118/3/3 1111/3/3 1110/3/3
f 1119/4/3 1113/4/3 1112/4/3
f 1119/3/3 1111/3/3 1118/3/3
f 1119/4/3 1112/4/3 1111/4/3
f 1120/4/3 1113/4/3 1119/4/3
f 1121/4/3 1113/4/3 1120/4/3
f 1123/9/3 1115/9/3 1114/9/3
f 1123/9/3 1116/9/3 1115/9/3
f 1124/9/3 1116/9/3 1123/9/3
f 1125/8/3 1117/8/3 1116/8/3
f 1125/9/3 1116/9/3 1124/9/3
f 1126/8/3 1117/8/3 1125/8/3
f 1127/3/3 1120/3/3 1119/3/3
f 1128/4/3 1121/4/3 1120/4/3
f 1128/3/3 1120/3/3 1127/3/3
f 1129/5/3 1122/5/3 1121/5/3
f 1129/4/3 1121/4/3 1128/4/3
f 1130/9/3 1124/9/3 1123/9/3
f 1130/10/3 1123/10/3 1122/10/3
f 1131/8/3 1125/8/3 1124/8/3
f 1131/9/3 1124/9/3 1130/9/3
f 1132/8/3 1125/8/3 1131/8/3
f 1133/5/3 1122/5/3 1129/5/3
f 1134/10/3 1130/10/3 1122/10/3
f 1134/5/3 1122/5/3 1133/5/3
f 1135/10/3 1130/10/3 1134/10/3
f 1143/9/3 1137/9/3 1136/9/3
f 1144/10/3 1138/10/3 1137/10/3
f 1144/9/3 1137/9/3 1143/9/3
f 1145/5/3 1139/5/3 1138/5/3
f 1145/10/3 1138/10/3 1144/10/3
f 1146/4/3 1140/4/3 1139/4/3
f 1146/5/3 1139/5/3 1145/5/3
f 1147/4/3 1140/4/3 1146/4/3
f 1151/8/3 1142/8/3 1141/8/3
f 1152/7/3 1143/7/3 1142/7/3
f 1152/8/3 1142/8/3 1151/8/3
f 1153/9/3 1144/9/3 1143/9/3
f 1153/7/3 1143/7/3 1152/7/3
f 1154/9/3 1144/9/3 1153/9/3
f 1155/4/3 1147/4/3 1146/4/3
f 1156/3/3 1148/3/3 1147/3/3
f 1156/4/3 1147/4/3 1155/4/3
f 1157/2/3 1149/2/3 1148/2/3
f 1157/3/3 1148/3/3 1156/3/3
f 1158/2/3 1149/2/3 1157/2/3
f 1160/8/3 1151/8/3 1150/8/3
f 1160/8/3 1152/8/3 1151/8/3
f 1161/8/3 1152/8/3 1160/8/3
f 1162/3/3 1158/3/3 1157/3/3
f 1163/2/3 1159/2/3 1158/2/3
f 1163/3/3 1158/3/3 1162/3/3
f 1164/2/3 1159/2/3 1163/2/3
f 1166/8/3 1160/8/3 1150/8/3
f 1167/8/3 1160/8/3 1166/8/3
f 1168/3/3 1164/3/3 1163/3/3
f 1169/3/3 1164/3/3 1168/3/3
f 1171/9/3 1167/9/3 1166/9/3
f 1171/9/3 1166/9/3 1165/9/3
f 1172/9/3 1167/9/3 1171/9/3
f 1173/9/3 1167/9/3 1172/9/3
f 1174/3/3 1169/3/3 1168/3/3
f 1174/3/3 1170/3/3 1169/3/3
f 1175/3/3 1170/3/3 1174/3/3
f 1176/3/3 1170/3/3 1175/3/3
f 1177/10/3 1172/10/3 1171/10/3
f 1178/10/3 1172/10/3 1177/10/3
f 1179/4/3 1176/4/3 1175/4/3
f 1180/4/3 1176/4/3 1179/4/3
f 1181/4/3 1178/4/3 1177/4/3
f 1184/10/3 1180/10/3 1179/10/3
f 1185/10/3 1180/10/3 1184/10/3
f 1186/4/3 1182/4/3 1181/4/3
f 1186/4/3 1181/4/3 1177/4/3
f 1187/4/3 1182/4/3 1186/4/3
f 1188/4/3 1182/4/3 1187/4/3
f 1189/9/3 1185/9/3 1184/9/3
f 1189/9/3 1184/9/3 1183/9/3
f 1190/9/3 1185/9/3 1189/9/3
f 1191/9/3 1185/9/3 1190/9/3
f 1192/3/3 1188/3/3 1187/3/3
f 1195/8/3 1190/8/3 1189/8/3
f 1196/8/3 1190/8/3 1195/8/3
f 1197/3/3 1193/3/3 1192/3/3
f 1197/3/3 1192/3/3 1187/3/3
f 1198/3/3 1193/3/3 1197/3/3
f 1199/3/3 1193/3/3 1198/3/3
f 1204/8/3 1195/8/3 1194/8/3
f 1205/7/3 1196/7/3 1195/7/3
f 1205/8/3 1195/8/3 1204/8/3
f 1206/7/3 1196/7/3 1205/7/3
f 1207/3/3 1199/3/3 1198/3/3
f 1208/2/3 1200/2/3 1199/2/3
f 1208/3/3 1199/3/3 1207/3/3
f 1209/4/3 1201/4/3 1200/4/3
f 1209/2/3 1200/2/3 1208/2/3
f 1210/4/3 1201/4/3 1209/4/3
f 1212/9/3 1203/9/3 1202/9/3
f 1213/8/3 1204/8/3 1203/8/3
f 1213/9/3 1203/9/3 1212/9/3
f 1214/7/3 1205/7/3 1204/7/3
f 1214/8/3 1204/8/3 1213/8/3
f 1215/7/3 1205/7/3 1214/7/3
f 1216/4/3 1210/4/3 1209/4/3
f 1217/5/3 1211/5/3 1210/5/3
f 1217/4/3 1210/4/3 1216/4/3
f 1218/10/3 1212/10/3 1211/10/3
f 1218/5/3 1211/5/3 1217/5/3
f 1219/9/3 1213/9/3 1212/9/3
f 1219/10/3 1212/10/3 1218/10/3
f 1220/9/3 1213/9/3 1219/9/3
f 1227/10/3 1222/10/3 1221/10/3
f 1228/5/3 1223/5/3 1222/5/3
f 1228/10/3 1222/10/3 1227/10/3
f 1229/5/3 1223/5/3 1228/5/3
f 1234/8/3 1225/8/3 1224/8/3
f 1235/7/3 1226/7/3 1225/7/3
f 1235/8/3 1225/8/3 1234/8/3
f 1236/7/3 1226/7/3 1235/7/3
f 1237/3/3 1231/3/3 1230/3/3
f 1238/2/3 1232/2/3 1231/2/3
f 1238/3/3 1231/3/3 1237/3/3
f 1239/2/3 1232/2/3 1238/2/3
f 1242/8/3 1234/8/3 1233/8/3
f 1243/8/3 1234/8/3 1242/8/3
f 1244/1/3 1240/1/3 1239/1/3
f 1245/1/3 1240/1/3 1244/1/3
f 1247/2/3 1246/2/3 1245/2/3
f 1248/2/3 1246/2/3 1247/2/3
f 1249/8/3 1242/8/3 1241/8/3
f 1250/8/3 1242/8/3 1249/8/3
f 1251/3/3 1248/3/3 1247/3/3
f 1252/3/3 1248/3/3 1251/3/3
f 1257/10/3 1254/10/3 1253/10/3
f 1258/10/3 1254/10/3 1257/10/3
f 1259/4/3 1256/4/3 1255/4/3
f 1260/4/3 1256/4/3 1259/4/3
f 1261/4/3 1258/4/3 1257/4/3
f 1262/4/3 1258/4/3 1261/4/3
f 1263/10/3 1260/10/3 1259/10/3
f 1264/10/3 1260/10/3 1263/10/3
f 1269/4/3 1266/4/3 1265/4/3
f 1270/4/3 1266/4/3 1269/4/3
f 1271/8/3 1268/8/3 1267/8/3
f 1272/8/3 1268/8/3 1271/8/3
f 1273/3/3 1270/3/3 1269/3/3
f 1274/3/3 1270/3/3 1273/3/3
f 1277/7/3 1272/7/3 1271/7/3
f 1278/7/3 1272/7/3 1277/7/3
f 1279/3/3 1275/3/3 1274/3/3
f 1280/3/3 1275/3/3 1279/3/3
f 1285/6/3 1277/6/3 1276/6/3
f 1286/6/3 1277/6/3 1285/6/3
f 1287/3/3 1281/3/3 1280/3/3
f 1288/2/3 1282/2/3 1281/2/3
f 1288/3/3 1281/3/3 1287/3/3
f 1289/2/3 1282/2/3 1288/2/3
f 1293/8/3 1284/8/3 1283/8/3
f 1294/7/3 1285/7/3 1284/7/3
f 1294/8/3 1284/8/3 1293/8/3
f 1295/7/3 1285/7/3 1294/7/3
f 1296/5/3 1291/5/3 1290/5/3
f 1297/10/3 1292/10/3 1291/10/3
f 1297/5/3 1291/5/3 1296/5/3
f 1298/10/3 1292/10/3 1297/10/3
f 1307/8/3 1300/8/3 1299/8/3
f 1308/9/3 1301/9/3 1300/9/3
f 1308/8/3 1300/8/3 1307/8/3
f 1309/9/3 1301/9/3 1308/9/3
f 1310/4/3 1303/4/3 1302/4/3
f 1311/3/3 1304/3/3 1303/3/3
f 1311/4/3 1303/4/3 1310/4/3
f 1312/3/3 1304/3/3 1311/3/3
f 1316/8/3 1306/8/3 1305/8/3
f 1317/8/3 1306/8/3 1316/8/3
f 1318/2/3 1314/2/3 1313/2/3
f 1319/2/3 1314/2/3 1318/2/3
f 1321/8/3 1316/8/3 1315/8/3
f 1322/8/3 1316/8/3 1321/8/3
f 1323/2/3 1320/2/3 1319/2/3
f 1324/2/3 1320/2/3 1323/2/3
f 1329/8/3 1326/8/3 1325/8/3
f 1330/8/3 1326/8/3 1329/8/3
f 1331/9/3 1330/9/3 1329/9/3
f 1332/9/3 1330/9/3 1331/9/3
f 1333/3/3 1328/3/3 1327/3/3
f 1334/3/3 1328/3/3 1333/3/3
f 1339/9/3 1338/9/3 1337/9/3
f 1340/9/3 1338/9/3 1339/9/3
f 1341/4/3 1336/4/3 1335/4/3
f 1342/4/3 1336/4/3 1341/4/3
f 1343/8/3 1340/8/3 1339/8/3
f 1344/8/3 1340/8/3 1343/8/3
f 1349/3/3 1346/3/3 1345/3/3
f 1350/3/3 1346/3/3 1349/3/3
f 1353/7/3 1348/7/3 1347/7/3
f 1354/7/3 1348/7/3 1353/7/3
f 1355/3/3 1351/3/3 1350/3/3
f 1356/3/3 1351/3/3 1355/3/3
f 1363/7/3 1353/7/3 1352/7/3
f 1364/7/3 1353/7/3 1363/7/3
f 1365/3/3 1358/3/3 1357/3/3
f 1366/4/3 1359/4/3 1358/4/3
f 1366/3/3 1358/3/3 1365/3/3
f 1367/4/3 1359/4/3 1366/4/3
f 1368/9/3 1361/9/3 1360/9/3
f 1369/8/3 1362/8/3 1361/8/3
f 1369/9/3 1361/9/3 1368/9/3
f 1370/8/3 1362/8/3 1369/8/3
f 1376/10/3 1372/10/3 1371/10/3
f 1377/5/3 1373/5/3 1372/5/3
f 1377/10/3 1372/10/3 1376/10/3
f 1378/5/3 1373/5/3 1377/5/3
f 1381/8/3 1375/8/3 1374/8/3
f 1382/8/3 1375/8/3 1381/8/3
f 1383/3/3 1380/3/3 1379/3/3
f 1384/3/3 1380/3/3 1383/3/3
f 1389/8/3 1386/8/3 1385/8/3
f 1390/8/3 1386/8/3 1389/8/3
f 1391/3/3 1388/3/3 1387/3/3
f 1392/3/3 1388/3/3 1391/3/3
f 1397/10/3 1394/10/3 1393/10/3
f 1398/10/3 1394/10/3 1397/10/3
f 1399/5/3 1396/5/3 1395/5/3
f 1400/5/3 1396/5/3 1399/5/3
f 1401/5/3 1398/5/3 1397/5/3
f 1402/5/3 1398/5/3 1401/5/3
f 1403/10/3 1400/10/3 1399/10/3
f 1404/10/3 1400/10/3 1403/10/3
f 1409/4/3 1406/4/3 1405/4/3
f 1410/4/3 1406/4/3 1409/4/3
f 1411/8/3 1408/8/3 1407/8/3
f 1412/8/3 1408/8/3 1411/8/3
f 1417/3/3 1414/3/3 1413/3/3
f 1418/3/3 1414/3/3 1417/3/3
f 1422/8/3 1416/8/3 1415/8/3
f 1423/8/3 1416/8/3 1422/8/3
f 1424/5/3 1420/5/3 1419/5/3
f 1425/10/3 1421/10/3 1420/10/3
f 1425/5/3 1420/5/3 1424/5/3
f 1426/10/3 1421/10/3 1425/10/3
f 1431/10/3 1428/10/3 1427/10/3
f 1432/10/3 1428/10/3 1431/10/3
f 1433/5/3 1430/5/3 1429/5/3
f 1434/5/3 1430/5/3 1433/5/3
f 1439/9/3 1436/9/3 1435/9/3
f 1440/9/3 1436/9/3 1439/9/3
f 1441/4/3 1438/4/3 1437/4/3
f 1442/4/3 1438/4/3 1441/4/3
f 1447/10/3 1444/10/3 1443/10/3
f 1448/10/3 1444/10/3 1447/10/3
f 1449/5/3 1446/5/3 1445/5/3
f 1450/5/3 1446/5/3 1449/5/3
f 1455/5/3 1452/5/3 1451/5/3
f 1456/5/3 1452/5/3 1455/5/3
f 1457/10/3 1454/10/3 1453/10/3
f 1458/10/3 1454/10/3 1457/10/3
f 1463/4/3 1460/4/3 1459/4/3
f 1464/4/3 1460/4/3 1463/4/3
f 1465/9/3 1462/9/3 1461/9/3
f 1466/9/3 1462/9/3 1465/9/3
f 1471/5/3 1468/5/3 1467/5/3
f 1472/5/3 1468/5/3 1471/5/3
f 1473/10/3 1470/10/3 1469/10/3
f 1474/10/3 1470/10/3 1473/10/3
f 1481/10/3 1476/10/3 1475/10/3
f 1482/10/3 1476/10/3 1481/10/3
f 1483/5/3 1478/5/3 1477/5/3
f 1484/5/3 1478/5/3 1483/5/3
f 1487/9/3 1480/9/3 1479/9/3
f 1488/9/3 1480/9/3 1487/9/3
f 1489/5/3 1486/5/3 1485/5/3
f 1490/5/3 1486/5/3 1489/5/3
f 1495/9/3 1492/9/3 1491/9/3
f 1496/9/3 1492/9/3 1495/9/3
f 1497/5/3 1494/5/3 1493/5/3
f 1498/5/3 1494/5/3 1497/5/3
f 1503/10/3 1500/10/3 1499/10/3
f 1504/10/3 1500/10/3 1503/10/3
f 1505/5/3 1502/5/3 1501/5/3
f 1506/5/3 1502/5/3 1505/5/3
f 1511/5/3 1508/5/3 1507/5/3
f 1512/5/3 1508/5/3 1511/5/3
f 1513/10/3 1510/10/3 1509/10/3
f 1514/10/3 1510/10/3 1513/10/3
f 1519/5/3 1516/5/3 1515/5/3
f 1520/5/3 1516/5/3 1519/5/3
f 1521/9/3 1518/9/3 1517/9/3
f 1522/9/3 1518/9/3 1521/9/3
f 1527/5/3 1524/5/3 1523/5/3
f 1528/5/3 1524/5/3 1527/5/3
f 1533/9/3 1526/9/3 1525/9/3
f 1534/9/3 1526/9/3 1533/9/3
f 1535/5/3 1530/5/3 1529/5/3
f 1536/5/3 1530/5/3 1535/5/3
f 1537/10/3 1532/10/3 1531/10/3
f 1538/10/3 1532/10/3 1537/10/3
f 1539/5/4 1540/5/4 1545/5/4
f 1545/5/4 1540/5/4 1546/5/4
f 1541/10/4 1542/10/4 1547/10/4
f 1547/10/4 1542/10/4 1548/10/4
f 1543/5/4 1544/5/4 1551/5/4
f 1551/5/4 1544/5/4 1552/5/4
f 1549/9/4 1550/9/4 1553/9/4
f 1553/9/4 1550/9/4 1554/9/4
f 1555/5/4 1556/5/4 1559/5/4
f 1559/5/4 1556/5/4 1560/5/4
f 1557/9/4 1558/9/4 1561/9/4
f 1561/9/4 1558/9/4 1562/9/4
f 1563/5/4 1564/5/4 1567/5/4
f 1567/5/4 1564/5/4 1568/5/4
f 1565/10/4 1566/10/4 1569/10/4
f 1569/10/4 1566/10/4 1570/10/4
f 1571/10/4 1572/10/4 1575/10/4
f 1575/10/4 1572/10/4 1576/10/4
f 1573/5/4 1574/5/4 1577/5/4
f 1577/5/4 1574/5/4 1578/5/4
f 1579/9/4 1580/9/4 1583/9/4
f 1583/9/4 1580/9/4 1584/9/4
f 1581/5/4 1582/5/4 1585/5/4
f 1585/5/4 1582/5/4 1586/5/4
f 1587/9/4 1588/9/4 1591/9/4
f 1591/9/4 1588/9/4 1592/9/4
f 1589/5/4 1590/5/4 1597/5/4
f 1597/5/4 1590/5/4 1598/5/4
f 1593/10/4 1594/10/4 1599/10/4
f 1599/10/4 1594/10/4 1600/10/4
f 1595/5/4 1596/5/4 1601/5/4
f 1601/5/4 1596/5/4 1602/5/4
f 1603/5/4 1604/5/4 1607/5/4
f 1607/5/4 1604/5/4 1608/5/4
f 1605/10/4 1606/10/4 1609/10/4
f 1609/10/4 1606/10/4 1610/10/4
f 1611/4/4 1612/4/4 1615/4/4
f 1615/4/4 1612/4/4 1616/4/4
f 1613/9/4 1614/9/4 1617/9/4
f 1617/9/4 1614/9/4 1618/9/4
f 1619/5/4 1620/5/4 1623/5/4
f 1623/5/4 1620/5/4 1624/5/4
f 1621/10/4 1622/10/4 1625/10/4
f 1625/10/4 1622/10/4 1626/10/4
f 1627/10/4 1628/10/4 1631/10/4
f 1631/10/4 1628/10/4 1632/10/4
f 1629/5/4 1630/5/4 1633/5/4
f 1633/5/4 1630/5/4 1634/5/4
f 1635/9/4 1636/9/4 1639/9/4
f 1639/9/4 1636/9/4 1640/9/4
f 1637/4/4 1638/4/4 1641/4/4
f 1641/4/4 1638/4/4 1642/4/4
f 1643/10/4 1644/10/4 1647/10/4
f 1647/10/4 1644/10/4 1648/10/4
f 1645/5/4 1646/5/4 1649/5/4
f 1649/5/4 1646/5/4 1650/5/4
f 1651/5/4 1652/5/4 1656/5/4
f 1652/10/4 1653/10/4 1657/10/4
f 1656/5/4 1652/5/4 1657/5/4
f 1657/10/4 1653/10/4 1658/10/4
f 1654/3/4 1655/3/4 1661/3/4
f 1661/3/4 1655/3/4 1662/3/4
f 1659/8/4 1660/8/4 1663/8/4
f 1663/8/4 1660/8/4 1664/8/4
f 1665/4/4 1666/4/4 1669/4/4
f 1669/4/4 1666/4/4 1670/4/4
f 1667/8/4 1668/8/4 1671/8/4
f 1671/8/4 1668/8/4 1672/8/4
f 1673/5/4 1674/5/4 1677/5/4
f 1677/5/4 1674/5/4 1678/5/4
f 1675/10/4 1676/10/4 1679/10/4
f 1679/10/4 1676/10/4 1680/10/4
f 1677/10/4 1678/10/4 1681/10/4
f 1681/10/4 1678/10/4 1682/10/4
f 1679/5/4 1680/5/4 1683/5/4
f 1683/5/4 1680/5/4 1684/5/4
f 1685/8/4 1686/8/4 1689/8/4
f 1689/8/4 1686/8/4 1690/8/4
f 1687/3/4 1688/3/4 1691/3/4
f 1691/3/4 1688/3/4 1692/3/4
f 1693/8/4 1694/8/4 1697/8/4
f 1697/8/4 1694/8/4 1698/8/4
f 1695/3/4 1696/3/4 1702/3/4
f 1702/3/4 1696/3/4 1703/3/4
f 1699/10/4 1700/10/4 1704/10/4
f 1700/5/4 1701/5/4 1705/5/4
f 1704/10/4 1700/10/4 1705/10/4
f 1705/5/4 1701/5/4 1706/5/4
f 1707/3/4 1708/3/4 1715/3/4
f 1708/4/4 1709/4/4 1716/4/4
f 1715/3/4 1708/3/4 1716/3/4
f 1716/4/4 1709/4/4 1717/4/4
f 1710/9/4 1711/9/4 1718/9/4
f 1711/8/4 1712/8/4 1719/8/4
f 1718/9/4 1711/9/4 1719/9/4
f 1719/8/4 1712/8/4 1720/8/4
f 1713/3/4 1714/3/4 1724/3/4
f 1724/3/4 1714/3/4 1725/3/4
f 1721/7/4 1722/7/4 1726/7/4
f 1726/7/4 1722/7/4 1727/7/4
f 1723/3/4 1724/3/4 1729/3/4
f 1729/3/4 1724/3/4 1730/3/4
f 1727/7/4 1728/7/4 1731/7/4
f 1731/7/4 1728/7/4 1732/7/4
f 1735/8/4 1736/8/4 1737/8/4
f 1737/8/4 1736/8/4 1738/8/4
f 1733/4/4 1734/4/4 1739/4/4
f 1739/4/4 1734/4/4 1740/4/4
f 1737/9/4 1738/9/4 1741/9/4
f 1741/9/4 1738/9/4 1742/9/4
f 1743/9/4 1744/9/4 1747/9/4
f 1747/9/4 1744/9/4 1748/9/4
f 1747/8/4 1748/8/4 1749/8/4
f 1749/8/4 1748/8/4 1750/8/4
f 1745/3/4 1746/3/4 1751/3/4
f 1751/3/4 1746/3/4 1752/3/4
f 1753/8/4 1754/8/4 1757/8/4
f 1757/8/4 1754/8/4 1758/8/4
f 1755/2/4 1756/2/4 1761/2/4
f 1761/2/4 1756/2/4 1762/2/4
f 1758/8/4 1759/8/4 1763/8/4
f 1763/8/4 1759/8/4 1764/8/4
f 1760/2/4 1761/2/4 1771/2/4
f 1771/2/4 1761/2/4 1772/2/4
f 1765/8/4 1766/8/4 1773/8/4
f 1766/9/4 1767/9/4 1774/9/4
f 1773/8/4 1766/8/4 1774/8/4
f 1774/9/4 1767/9/4 1775/9/4
f 1768/4/4 1769/4/4 1776/4/4
f 1769/3/4 1770/3/4 1777/3/4
f 1776/4/4 1769/4/4 1777/4/4
f 1777/3/4 1770/3/4 1778/3/4
f 1779/5/4 1780/5/4 1785/5/4
f 1780/10/4 1781/10/4 1786/10/4
f 1785/5/4 1780/5/4 1786/5/4
f 1786/10/4 1781/10/4 1787/10/4
f 1782/3/4 1783/3/4 1792/3/4
f 1783/2/4 1784/2/4 1793/2/4
f 1792/3/4 1783/3/4 1793/3/4
f 1793/2/4 1784/2/4 1794/2/4
f 1788/8/4 1789/8/4 1795/8/4
f 1789/7/4 1790/7/4 1796/7/4
f 1795/8/4 1789/8/4 1796/8/4
f 1796/7/4 1790/7/4 1797/7/4
f 1791/3/4 1792/3/4 1800/3/4
f 1800/3/4 1792/3/4 1801/3/4
f 1797/6/4 1798/6/4 1802/6/4
f 1802/6/4 1798/6/4 1803/6/4
f 1799/3/4 1800/3/4 1805/3/4
f 1805/3/4 1800/3/4 1806/3/4
f 1803/7/4 1804/7/4 1807/7/4
f 1807/7/4 1804/7/4 1808/7/4
f 1805/4/4 1806/4/4 1809/4/4
f 1809/4/4 1806/4/4 1810/4/4
f 1807/8/4 1808/8/4 1811/8/4
f 1811/8/4 1808/8/4 1812/8/4
f 1813/4/4 1814/4/4 1817/4/4
f 1817/4/4 1814/4/4 1818/4/4
f 1815/10/4 1816/10/4 1819/10/4
f 1819/10/4 1816/10/4 1820/10/4
f 1817/10/4 1818/10/4 1821/10/4
f 1821/10/4 1818/10/4 1822/10/4
f 1819/4/4 1820/4/4 1823/4/4
f 1823/4/4 1820/4/4 1824/4/4
f 1827/3/4 1828/3/4 1829/3/4
f 1829/3/4 1828/3/4 1830/3/4
f 1825/8/4 1826/8/4 1831/8/4
f 1831/8/4 1826/8/4 1832/8/4
f 1829/2/4 1830/2/4 1835/2/4
f 1835/2/4 1830/2/4 1836/2/4
f 1832/8/4 1833/8/4 1837/8/4
f 1837/8/4 1833/8/4 1838/8/4
f 1834/1/4 1835/1/4 1843/1/4
f 1843/1/4 1835/1/4 1844/1/4
f 1838/8/4 1839/8/4 1845/8/4
f 1839/7/4 1840/7/4 1846/7/4
f 1845/8/4 1839/8/4 1846/8/4
f 1846/7/4 1840/7/4 1847/7/4
f 1841/3/4 1842/3/4 1851/3/4
f 1842/2/4 1843/2/4 1852/2/4
f 1851/3/4 1842/3/4 1852/3/4
f 1852/2/4 1843/2/4 1853/2/4
f 1848/10/4 1849/10/4 1854/10/4
f 1849/5/4 1850/5/4 1855/5/4
f 1854/10/4 1849/10/4 1855/10/4
f 1855/5/4 1850/5/4 1856/5/4
f 1857/4/4 1858/4/4 1864/4/4
f 1858/5/4 1859/5/4 1865/5/4
f 1864/4/4 1858/4/4 1865/4/4
f 1859/10/4 1860/10/4 1866/10/4
f 1865/5/4 1859/5/4 1866/5/4
f 1860/9/4 1861/9/4 1867/9/4
f 1866/10/4 1860/10/4 1867/10/4
f 1867/9/4 1861/9/4 1868/9/4
f 1862/3/4 1863/3/4 1872/3/4
f 1863/2/4 1864/2/4 1873/2/4
f 1872/3/4 1863/3/4 1873/3/4
f 1864/4/4 1865/4/4 1874/4/4
f 1873/2/4 1864/2/4 1874/2/4
f 1874/4/4 1865/4/4 1875/4/4
f 1867/9/4 1868/9/4 1876/9/4
f 1868/8/4 1869/8/4 1877/8/4
f 1876/9/4 1868/9/4 1877/9/4
f 1869/7/4 1870/7/4 1878/7/4
f 1877/8/4 1869/8/4 1878/8/4
f 1878/7/4 1870/7/4 1879/7/4
f 1871/3/4 1872/3/4 1881/3/4
f 1872/3/4 1873/3/4 1881/3/4
f 1881/3/4 1873/3/4 1882/3/4
f 1878/8/4 1879/8/4 1883/8/4
f 1879/7/4 1880/7/4 1884/7/4
f 1883/8/4 1879/8/4 1884/8/4
f 1884/7/4 1880/7/4 1885/7/4
f 1871/3/4 1881/3/4 1887/3/4
f 1887/3/4 1881/3/4 1888/3/4
f 1884/8/4 1885/8/4 1889/8/4
f 1889/8/4 1885/8/4 1890/8/4
f 1887/4/4 1888/4/4 1892/4/4
f 1886/4/4 1887/4/4 1892/4/4
f 1892/4/4 1888/4/4 1893/4/4
f 1889/9/4 1890/9/4 1894/9/4
f 1890/9/4 1891/9/4 1894/9/4
f 1894/9/4 1891/9/4 1895/9/4
f 1895/9/4 1891/9/4 1896/9/4
f 1886/4/4 1892/4/4 1897/4/4
f 1897/4/4 1892/4/4 1898/4/4
f 1895/10/4 1896/10/4 1899/10/4
f 1899/10/4 1896/10/4 1900/10/4
f 1897/10/4 1898/10/4 1901/10/4
f 1901/10/4 1898/10/4 1902/10/4
f 1899/4/4 1900/4/4 1905/4/4
f 1905/4/4 1900/4/4 1906/4/4
f 1902/9/4 1903/9/4 1907/9/4
f 1901/9/4 1902/9/4 1907/9/4
f 1907/9/4 1903/9/4 1908/9/4
f 1908/9/4 1903/9/4 1909/9/4
f 1905/3/4 1906/3/4 1910/3/4
f 1904/3/4 1905/3/4 1910/3/4
f 1910/3/4 1906/3/4 1911/3/4
f 1911/3/4 1906/3/4 1912/3/4
f 1908/8/4 1909/8/4 1913/8/4
f 1910/3/4 1911/3/4 1916/3/4
f 1916/3/4 1911/3/4 1917/3/4
f 1913/8/4 1914/8/4 1918/8/4
f 1908/8/4 1913/8/4 1918/8/4
f 1918/8/4 1914/8/4 1919/8/4
f 1919/8/4 1914/8/4 1920/8/4
f 1915/3/4 1916/3/4 1925/3/4
f 1916/2/4 1917/2/4 1926/2/4
f 1925/3/4 1916/3/4 1926/3/4
f 1926/2/4 1917/2/4 1927/2/4
f 1919/8/4 1920/8/4 1928/8/4
f 1920/7/4 1921/7/4 1929/7/4
f 1928/8/4 1920/8/4 1929/8/4
f 1921/9/4 1922/9/4 1930/9/4
f 1929/7/4 1921/7/4 1930/7/4
f 1930/9/4 1922/9/4 1931/9/4
f 1923/4/4 1924/4/4 1933/4/4
f 1924/3/4 1925/3/4 1934/3/4
f 1933/4/4 1924/4/4 1934/4/4
f 1925/2/4 1926/2/4 1935/2/4
f 1934/3/4 1925/3/4 1935/3/4
f 1935/2/4 1926/2/4 1936/2/4
f 1930/9/4 1931/9/4 1937/9/4
f 1931/10/4 1932/10/4 1938/10/4
f 1937/9/4 1931/9/4 1938/9/4
f 1932/5/4 1933/5/4 1939/5/4
f 1938/10/4 1932/10/4 1939/10/4
f 1933/4/4 1934/4/4 1940/4/4
f 1939/5/4 1933/5/4 1940/5/4
f 1940/4/4 1934/4/4 1941/4/4
f 1942/5/4 1943/5/4 1947/5/4
f 1943/10/4 1944/10/4 1948/10/4
f 1945/3/4 1946/3/4 1952/3/4
f 1946/4/4 1947/4/4 1953/4/4
f 1952/3/4 1946/3/4 1953/3/4
f 1947/5/4 1943/5/4 1954/5/4
f 1953/4/4 1947/4/4 1954/4/4
f 1943/10/4 1948/10/4 1955/10/4
f 1954/5/4 1943/5/4 1955/5/4
f 1948/9/4 1949/9/4 1956/9/4
f 1955/10/4 1948/10/4 1956/10/4
f 1949/8/4 1950/8/4 1957/8/4
f 1956/9/4 1949/9/4 1957/9/4
f 1957/8/4 1950/8/4 1958/8/4
f 1951/3/4 1952/3/4 1960/3/4
f 1952/4/4 1953/4/4 1961/4/4
f 1960/3/4 1952/3/4 1961/3/4
f 1953/4/4 1954/4/4 1961/4/4
f 1961/4/4 1954/4/4 1962/4/4
f 1962/4/4 1954/4/4 1963/4/4
f 1957/9/4 1958/9/4 1964/9/4
f 1956/9/4 1957/9/4 1964/9/4
f 1964/9/4 1958/9/4 1965/9/4
f 1958/8/4 1959/8/4 1966/8/4
f 1965/9/4 1958/9/4 1966/9/4
f 1966/8/4 1959/8/4 1967/8/4
f 1961/4/4 1962/4/4 1969/4/4
f 1960/4/4 1961/4/4 1969/4/4
f 1969/4/4 1962/4/4 1970/4/4
f 1970/4/4 1962/4/4 1971/4/4
f 1966/9/4 1967/9/4 1972/9/4
f 1965/9/4 1966/9/4 1972/9/4
f 1972/9/4 1967/9/4 1973/9/4
f 1973/9/4 1967/9/4 1974/9/4
f 1969/4/4 1970/4/4 1976/4/4
f 1968/4/4 1969/4/4 1976/4/4
f 1976/4/4 1970/4/4 1977/4/4
f 1973/10/4 1974/10/4 1978/10/4
f 1974/10/4 1975/10/4 1978/10/4
f 1978/10/4 1975/10/4 1979/10/4
f 1976/10/4 1977/10/4 1980/10/4
f 1980/10/4 1977/10/4 1981/10/4
f 1981/10/4 1977/10/4 1982/10/4
f 1978/4/4 1979/4/4 1985/4/4
f 1985/4/4 1979/4/4 1986/4/4
f 1986/4/4 1979/4/4 1987/4/4
f 1982/9/4 1983/9/4 1988/9/4
f 1981/9/4 1982/9/4 1988/9/4
f 1988/9/4 1983/9/4 1989/9/4
f 1989/9/4 1983/9/4 1990/9/4
f 1985/4/4 1986/4/4 1993/4/4
f 1984/4/4 1985/4/4 1993/4/4
f 1993/4/4 1986/4/4 1994/4/4
f 1994/4/4 1986/4/4 1995/4/4
f 1988/8/4 1989/8/4 1996/8/4
f 1990/9/4 1991/9/4 1997/9/4
f 1996/8/4 1989/8/4 1997/8/4
f 1989/9/4 1990/9/4 1997/9/4
f 1997/9/4 1991/9/4 1998/9/4
f 1998/9/4 1991/9/4 1999/9/4
f 1992/4/4 1993/4/4 2001/4/4
f 1993/4/4 1994/4/4 2001/4/4
f 2001/4/4 1994/4/4 2002/4/4
f 1994/3/4 1995/3/4 2003/3/4
f 2002/4/4 1994/4/4 2003/4/4
f 2003/3/4 1995/3/4 2004/3/4
f 1997/8/4 1998/8/4 2005/8/4
f 1998/9/4 1999/9/4 2006/9/4
f 2005/8/4 1998/8/4 2006/8/4
f 1999/10/4 2000/10/4 2007/10/4
f 2006/9/4 1999/9/4 2007/9/4
f 2001/4/4 2002/4/4 2008/4/4
f 2000/5/4 2001/5/4 2008/5/4
f 2002/3/4 2003/3/4 2009/3/4
f 2008/4/4 2002/4/4 2009/4/4
f 2009/3/4 2003/3/4 2010/3/4
f 2007/10/4 2000/10/4 2011/10/4
f 2000/5/4 2008/5/4 2012/5/4
f 2011/10/4 2000/10/4 2012/10/4
f 2012/5/4 2008/5/4 2013/5/4
f 2014/5/4 2015/5/4 2018/5/4
f 2015/10/4 2016/10/4 2019/10/4
f 2018/5/4 2015/5/4 2019/5/4
f 2019/10/4 2016/10/4 2020/10/4
f 2017/5/4 2018/5/4 2023/5/4
f 2018/4/4 2019/4/4 2024/4/4
f 2023/5/4 2018/5/4 2024/5/4
f 2019/9/4 2020/9/4 2025/9/4
f 2024/4/4 2019/4/4 2025/4/4
f 2020/10/4 2021/10/4 2026/10/4
f 2025/9/4 2020/9/4 2026/9/4
f 2026/10/4 2021/10/4 2027/10/4
f 2022/5/4 2023/5/4 2029/5/4
f 2023/4/4 2024/4/4 2030/4/4
f 2029/5/4 2023/5/4 2030/5/4
f 2024/5/4 2025/5/4 2031/5/4
f 2030/4/4 2024/4/4 2031/4/4
f 2025/10/4 2026/10/4 2032/10/4
f 2031/5/4 2025/5/4 2032/5/4
f 2026/9/4 2027/9/4 2033/9/4
f 2032/10/4 2026/10/4 2033/10/4
f 2027/10/4 2028/10/4 2034/10/4
f 2033/9/4 2027/9/4 2034/9/4
f 2034/10/4 2028/10/4 2035/10/4
f 2029/10/4 2030/10/4 2036/10/4
f 2030/9/4 2031/9/4 2037/9/4
f 2036/10/4 2030/10/4 2037/10/4
f 2031/10/4 2032/10/4 2038/10/4
f 2037/9/4 2031/9/4 2038/9/4
f 2032/5/4 2033/5/4 2039/5/4
f 2038/10/4 2032/10/4 2039/10/4
f 2033/4/4 2034/4/4 2040/4/4
f 2039/5/4 2033/5/4 2040/5/4
f 2034/5/4 2035/5/4 2041/5/4
f 2040/4/4 2034/4/4 2041/4/4
f 2041/5/4 2035/5/4 2042/5/4
f 2037/10/4 2038/10/4 2043/10/4
f 2038/9/4 2039/9/4 2044/9/4
f 2043/10/4 2038/10/4 2044/10/4
f 2039/4/4 2040/4/4 2045/4/4
f 2044/9/4 2039/9/4 2045/9/4
f 2040/5/4 2041/5/4 2046/5/4
f 2045/4/4 2040/4/4 2046/4/4
f 2046/5/4 2041/5/4 2047/5/4
f 2044/10/4 2045/10/4 2048/10/4
f 2045/5/4 2046/5/4 2049/5/4
f 2048/10/4 2045/10/4 2049/10/4
f 2049/5/4 2046/5/4 2050/5/4
f 2055/10/5 2052/10/5 2051/10/5
f 2056/5/5 2053/5/5 2052/5/5
f 2056/10/5 2052/10/5 2055/10/5
f 2057/5/5 2053/5/5 2056/5/5
f 2060/10/5 2055/10/5 2054/10/5
f 2061/9/5 2056/9/5 2055/9/5
f 2061/10/5 2055/10/5 2060/10/5
f 2062/4/5 2057/4/5 2056/4/5
f 2062/9/5 2056/9/5 2061/9/5
f 2063/5/5 2058/5/5 2057/5/5
f 2063/4/5 2057/4/5 2062/4/5
f 2064/5/5 2058/5/5 2063/5/5
f 2066/10/5 2060/10/5 2059/10/5
f 2067/9/5 2061/9/5 2060/9/5
f 2067/10/5 2060/10/5 2066/10/5
f 2068/10/5 2062/10/5 2061/10/5
f 2068/9/5 2061/9/5 2067/9/5
f 2069/5/5 2063/5/5 2062/5/5
f 2069/10/5 2062/10/5 2068/10/5
f 2070/4/5 2064/4/5 2063/4/5
f 2070/5/5 2063/5/5 2069/5/5
f 2071/5/5 2065/5/5 2064/5/5
f 2071/4/5 2064/4/5 2070/4/5
f 2072/5/5 2065/5/5 2071/5/5
f 2073/5/5 2067/5/5 2066/5/5
f 2074/4/5 2068/4/5 2067/4/5
f 2074/5/5 2067/5/5 2073/5/5
f 2075/5/5 2069/5/5 2068/5/5
f 2075/4/5 2068/4/5 2074/4/5
f 2076/10/5 2070/10/5 2069/10/5
f 2076/5/5 2069/5/5 2075/5/5
f 2077/9/5 2071/9/5 2070/9/5
f 2077/10/5 2070/10/5 2076/10/5
f 2078/10/5 2072/10/5 2071/10/5
f 2078/9/5 2071/9/5 2077/9/5
f 2079/10/5 2072/10/5 2078/10/5
f 2080/5/5 2075/5/5 2074/5/5
f 2081/4/5 2076/4/5 2075/4/5
f 2081/5/5 2075/5/5 2080/5/5
f 2082/9/5 2077/9/5 2076/9/5
f 2082/4/5 2076/4/5 2081/4/5
f 2083/10/5 2078/10/5 2077/10/5
f 2083/9/5 2077/9/5 2082/9/5
f 2084/10/5 2078/10/5 2083/10/5
f 2085/5/5 2082/5/5 2081/5/5
f 2086/10/5 2083/10/5 2082/10/5
f 2086/5/5 2082/5/5 2085/5/5
f 2087/10/5 2083/10/5 2086/10/5
f 2093/10/5 2089/10/5 2088/10/5
f 2094/4/5 2090/4/5 2089/4/5
f 2097/8/5 2092/8/5 2091/8/5
f 2098/9/5 2093/9/5 2092/9/5
f 2098/10/5 2089/10/5 2093/10/5
f 2099/4/5 2095/4/5 2094/4/5
f 2099/10/5 2089/10/5 2098/10/5
f 2099/4/5 2094/4/5 2089/4/5
f 2100/4/5 2095/4/5 2099/4/5
f 2101/4/5 2095/4/5 2100/4/5
f 2103/8/5 2097/8/5 2096/8/5
f 2104/9/5 2098/9/5 2092/9/5
f 2104/8/5 2097/8/5 2103/8/5
f 2104/8/5 2092/8/5 2097/8/5
f 2105/9/5 2098/9/5 2104/9/5
f 2106/4/5 2102/4/5 2101/4/5
f 2106/4/5 2101/4/5 2100/4/5
f 2107/4/5 2102/4/5 2106/4/5
f 2109/9/5 2104/9/5 2103/9/5
f 2110/9/5 2104/9/5 2109/9/5
f 2111/9/5 2104/9/5 2110/9/5
f 2112/4/5 2102/4/5 2107/4/5
f 2113/4/5 2102/4/5 2112/4/5
f 2114/4/5 2102/4/5 2113/4/5
f 2116/9/5 2109/9/5 2108/9/5
f 2116/9/5 2110/9/5 2109/9/5
f 2117/9/5 2110/9/5 2116/9/5
f 2118/5/5 2115/5/5 2114/5/5
f 2118/5/5 2114/5/5 2113/5/5
f 2119/5/5 2115/5/5 2118/5/5
f 2120/5/5 2117/5/5 2116/5/5
f 2121/5/5 2117/5/5 2120/5/5
f 2122/5/5 2117/5/5 2121/5/5
f 2125/9/5 2119/9/5 2118/9/5
f 2126/9/5 2119/9/5 2125/9/5
f 2127/9/5 2119/9/5 2126/9/5
f 2128/4/5 2123/4/5 2122/4/5
f 2128/4/5 2122/4/5 2121/4/5
f 2131/9/5 2126/9/5 2125/9/5
f 2131/9/5 2125/9/5 2124/9/5
f 2132/9/5 2126/9/5 2131/9/5
f 2133/4/5 2129/4/5 2128/4/5
f 2133/4/5 2128/4/5 2121/4/5
f 2134/4/5 2129/4/5 2133/4/5
f 2135/4/5 2129/4/5 2134/4/5
f 2137/9/5 2131/9/5 2130/9/5
f 2138/8/5 2132/8/5 2131/8/5
f 2139/8/5 2132/8/5 2138/8/5
f 2140/4/5 2136/4/5 2135/4/5
f 2140/4/5 2135/4/5 2134/4/5
f 2141/4/5 2136/4/5 2140/4/5
f 2142/10/5 2137/10/5 2136/10/5
f 2142/9/5 2131/9/5 2137/9/5
f 2143/8/5 2138/8/5 2131/8/5
f 2143/9/5 2131/9/5 2142/9/5
f 2144/8/5 2138/8/5 2143/8/5
f 2145/4/5 2136/4/5 2141/4/5
f 2146/10/5 2142/10/5 2136/10/5
f 2146/4/5 2136/4/5 2145/4/5
f 2147/10/5 2142/10/5 2146/10/5
f 2153/9/5 2149/9/5 2148/9/5
f 2154/10/5 2150/10/5 2149/10/5
f 2154/9/5 2149/9/5 2153/9/5
f 2155/4/5 2151/4/5 2150/4/5
f 2155/10/5 2150/10/5 2154/10/5
f 2156/4/5 2151/4/5 2155/4/5
f 2157/4/5 2151/4/5 2156/4/5
f 2161/8/5 2153/8/5 2152/8/5
f 2162/8/5 2153/8/5 2161/8/5
f 2163/9/5 2154/9/5 2153/9/5
f 2163/8/5 2153/8/5 2162/8/5
f 2164/9/5 2154/9/5 2163/9/5
f 2165/4/5 2157/4/5 2156/4/5
f 2165/4/5 2158/4/5 2157/4/5
f 2166/3/5 2159/3/5 2158/3/5
f 2166/4/5 2158/4/5 2165/4/5
f 2167/3/5 2159/3/5 2166/3/5
f 2169/8/5 2162/8/5 2161/8/5
f 2169/8/5 2161/8/5 2160/8/5
f 2170/8/5 2162/8/5 2169/8/5
f 2171/4/5 2167/4/5 2166/4/5
f 2172/3/5 2168/3/5 2167/3/5
f 2172/4/5 2167/4/5 2171/4/5
f 2173/3/5 2168/3/5 2172/3/5
f 2175/8/5 2169/8/5 2160/8/5
f 2176/8/5 2169/8/5 2175/8/5
f 2177/4/5 2173/4/5 2172/4/5
f 2179/9/5 2176/9/5 2175/9/5
f 2179/9/5 2175/9/5 2174/9/5
f 2180/9/5 2176/9/5 2179/9/5
f 2181/4/5 2177/4/5 2172/4/5
f 2181/4/5 2178/4/5 2177/4/5
f 2182/4/5 2178/4/5 2181/4/5
f 2183/4/5 2178/4/5 2182/4/5
f 2184/9/5 2179/9/5 2174/9/5
f 2185/9/5 2179/9/5 2184/9/5
f 2186/5/5 2183/5/5 2182/5/5
f 2187/5/5 2183/5/5 2186/5/5
f 2188/5/5 2185/5/5 2184/5/5
f 2189/5/5 2185/5/5 2188/5/5
f 2192/9/5 2187/9/5 2186/9/5
f 2193/4/5 2190/4/5 2189/4/5
f 2193/4/5 2189/4/5 2188/4/5
f 2194/4/5 2190/4/5 2193/4/5
f 2195/9/5 2192/9/5 2191/9/5
f 2196/9/5 2187/9/5 2192/9/5
f 2196/9/5 2192/9/5 2195/9/5
f 2197/9/5 2187/9/5 2196/9/5
f 2198/4/5 2190/4/5 2194/4/5
f 2199/4/5 2190/4/5 2198/4/5
f 2202/8/5 2196/8/5 2195/8/5
f 2203/3/5 2199/3/5 2198/3/5
f 2204/4/5 2200/4/5 2199/4/5
f 2204/3/5 2199/3/5 2203/3/5
f 2205/4/5 2200/4/5 2204/4/5
f 2209/8/5 2202/8/5 2201/8/5
f 2210/8/5 2196/8/5 2202/8/5
f 2210/8/5 2202/8/5 2209/8/5
f 2211/8/5 2196/8/5 2210/8/5
f 2212/3/5 2205/3/5 2204/3/5
f 2213/4/5 2206/4/5 2205/4/5
f 2213/3/5 2205/3/5 2212/3/5
f 2214/4/5 2206/4/5 2213/4/5
f 2215/4/5 2206/4/5 2214/4/5
f 2217/9/5 2208/9/5 2207/9/5
f 2218/8/5 2209/8/5 2208/8/5
f 2218/8/5 2210/8/5 2209/8/5
f 2218/9/5 2208/9/5 2217/9/5
f 2219/8/5 2210/8/5 2218/8/5
f 2220/4/5 2216/4/5 2215/4/5
f 2220/4/5 2215/4/5 2214/4/5
f 2221/10/5 2217/10/5 2216/10/5
f 2221/4/5 2216/4/5 2220/4/5
f 2222/9/5 2218/9/5 2217/9/5
f 2222/10/5 2217/10/5 2221/10/5
f 2223/9/5 2218/9/5 2222/9/5
f 2229/10/5 2225/10/5 2224/10/5
f 2230/4/5 2226/4/5 2225/4/5
f 2230/10/5 2225/10/5 2229/10/5
f 2231/4/5 2226/4/5 2230/4/5
f 2235/8/5 2228/8/5 2227/8/5
f 2236/8/5 2228/8/5 2235/8/5
f 2237/3/5 2233/3/5 2232/3/5
f 2238/3/5 2233/3/5 2237/3/5
f 2239/3/5 2233/3/5 2238/3/5
f 2242/8/5 2235/8/5 2234/8/5
f 2243/8/5 2235/8/5 2242/8/5
f 2244/3/5 2240/3/5 2239/3/5
f 2245/3/5 2240/3/5 2244/3/5
f 2247/3/5 2246/3/5 2245/3/5
f 2248/8/5 2242/8/5 2241/8/5
f 2249/8/5 2242/8/5 2248/8/5
f 2250/3/5 2246/3/5 2247/3/5
f 2251/3/5 2246/3/5 2250/3/5
f 2256/9/5 2253/9/5 2252/9/5
f 2257/9/5 2253/9/5 2256/9/5
f 2258/5/5 2255/5/5 2254/5/5
f 2259/5/5 2255/5/5 2258/5/5
f 2260/5/5 2257/5/5 2256/5/5
f 2261/5/5 2257/5/5 2260/5/5
f 2262/9/5 2259/9/5 2258/9/5
f 2263/9/5 2259/9/5 2262/9/5
f 2268/3/5 2265/3/5 2264/3/5
f 2269/3/5 2268/3/5 2264/3/5
f 2270/3/5 2268/3/5 2269/3/5
f 2273/8/5 2267/8/5 2266/8/5
f 2274/8/5 2267/8/5 2273/8/5
f 2275/3/5 2271/3/5 2270/3/5
f 2276/3/5 2271/3/5 2275/3/5
f 2280/8/5 2273/8/5 2272/8/5
f 2281/8/5 2273/8/5 2280/8/5
f 2282/3/5 2278/3/5 2277/3/5
f 2282/3/5 2277/3/5 2276/3/5
f 2283/3/5 2278/3/5 2282/3/5
f 2287/8/5 2280/8/5 2279/8/5
f 2288/8/5 2280/8/5 2287/8/5
f 2289/4/5 2285/4/5 2284/4/5
f 2290/10/5 2286/10/5 2285/10/5
f 2290/4/5 2285/4/5 2289/4/5
f 2291/10/5 2286/10/5 2290/10/5
f 2300/8/5 2293/8/5 2292/8/5
f 2301/9/5 2294/9/5 2293/9/5
f 2301/8/5 2293/8/5 2300/8/5
f 2302/9/5 2294/9/5 2301/9/5
f 2303/4/5 2296/4/5 2295/4/5
f 2304/3/5 2297/3/5 2296/3/5
f 2304/4/5 2296/4/5 2303/4/5
f 2305/3/5 2297/3/5 2304/3/5
f 2309/8/5 2299/8/5 2298/8/5
f 2310/8/5 2299/8/5 2309/8/5
f 2311/3/5 2307/3/5 2306/3/5
f 2312/3/5 2307/3/5 2311/3/5
f 2314/8/5 2309/8/5 2308/8/5
f 2315/8/5 2309/8/5 2314/8/5
f 2316/3/5 2313/3/5 2312/3/5
f 2317/3/5 2313/3/5 2316/3/5
f 2322/8/5 2319/8/5 2318/8/5
f 2323/8/5 2319/8/5 2322/8/5
f 2324/3/5 2321/3/5 2320/3/5
f 2325/3/5 2321/3/5 2324/3/5
f 2326/9/5 2323/9/5 2322/9/5
f 2327/9/5 2323/9/5 2326/9/5
f 2328/4/5 2325/4/5 2324/4/5
f 2329/4/5 2325/4/5 2328/4/5
f 2334/4/5 2331/4/5 2330/4/5
f 2335/4/5 2331/4/5 2334/4/5
f 2336/9/5 2333/9/5 2332/9/5
f 2337/9/5 2333/9/5 2336/9/5
f 2338/3/5 2335/3/5 2334/3/5
f 2339/3/5 2335/3/5 2338/3/5
f 2340/8/5 2337/8/5 2336/8/5
f 2341/8/5 2337/8/5 2340/8/5
f 2346/3/5 2343/3/5 2342/3/5
f 2347/3/5 2343/3/5 2346/3/5
f 2350/8/5 2345/8/5 2344/8/5
f 2351/8/5 2345/8/5 2350/8/5
f 2352/3/5 2348/3/5 2347/3/5
f 2353/3/5 2348/3/5 2352/3/5
f 2360/8/5 2350/8/5 2349/8/5
f 2361/8/5 2350/8/5 2360/8/5
f 2362/3/5 2355/3/5 2354/3/5
f 2363/4/5 2356/4/5 2355/4/5
f 2363/3/5 2355/3/5 2362/3/5
f 2364/4/5 2356/4/5 2363/4/5
f 2365/9/5 2358/9/5 2357/9/5
f 2366/8/5 2359/8/5 2358/8/5
f 2366/9/5 2358/9/5 2365/9/5
f 2367/8/5 2359/8/5 2366/8/5
f 2373/10/5 2369/10/5 2368/10/5
f 2374/5/5 2370/5/5 2369/5/5
f 2374/10/5 2369/10/5 2373/10/5
f 2375/5/5 2370/5/5 2374/5/5
f 2378/8/5 2372/8/5 2371/8/5
f 2379/8/5 2372/8/5 2378/8/5
f 2380/3/5 2377/3/5 2376/3/5
f 2381/3/5 2377/3/5 2380/3/5
f 2386/8/5 2383/8/5 2382/8/5
f 2387/8/5 2383/8/5 2386/8/5
f 2388/3/5 2385/3/5 2384/3/5
f 2389/3/5 2385/3/5 2388/3/5
f 2394/10/5 2391/10/5 2390/10/5
f 2395/10/5 2391/10/5 2394/10/5
f 2396/5/5 2393/5/5 2392/5/5
f 2397/5/5 2393/5/5 2396/5/5
f 2398/5/5 2395/5/5 2394/5/5
f 2399/5/5 2395/5/5 2398/5/5
f 2400/10/5 2397/10/5 2396/10/5
f 2401/10/5 2397/10/5 2400/10/5
f 2406/3/5 2403/3/5 2402/3/5
f 2407/3/5 2403/3/5 2406/3/5
f 2408/8/5 2405/8/5 2404/8/5
f 2409/8/5 2405/8/5 2408/8/5
f 2414/3/5 2411/3/5 2410/3/5
f 2415/3/5 2411/3/5 2414/3/5
f 2419/8/5 2413/8/5 2412/8/5
f 2420/8/5 2413/8/5 2419/8/5
f 2421/5/5 2417/5/5 2416/5/5
f 2422/10/5 2418/10/5 2417/10/5
f 2422/5/5 2417/5/5 2421/5/5
f 2423/10/5 2418/10/5 2422/10/5
f 2428/10/5 2425/10/5 2424/10/5
f 2429/10/5 2425/10/5 2428/10/5
f 2430/5/5 2427/5/5 2426/5/5
f 2431/5/5 2427/5/5 2430/5/5
f 2436/9/5 2433/9/5 2432/9/5
f 2437/9/5 2433/9/5 2436/9/5
f 2438/4/5 2435/4/5 2434/4/5
f 2439/4/5 2435/4/5 2438/4/5
f 2444/10/5 2441/10/5 2440/10/5
f 2445/10/5 2441/10/5 2444/10/5
f 2446/5/5 2443/5/5 2442/5/5
f 2447/5/5 2443/5/5 2446/5/5
f 2452/5/5 2449/5/5 2448/5/5
f 2453/5/5 2449/5/5 2452/5/5
f 2454/10/5 2451/10/5 2450/10/5
f 2455/10/5 2451/10/5 2454/10/5
f 2460/4/5 2457/4/5 2456/4/5
f 2461/4/5 2457/4/5 2460/4/5
f 2462/9/5 2459/9/5 2458/9/5
f 2463/9/5 2459/9/5 2462/9/5
f 2468/5/5 2465/5/5 2464/5/5
f 2469/5/5 2465/5/5 2468/5/5
f 2470/10/5 2467/10/5 2466/10/5
f 2471/10/5 2467/10/5 2470/10/5
f 2478/10/5 2473/10/5 2472/10/5
f 2479/10/5 2473/10/5 2478/10/5
f 2480/5/5 2475/5/5 2474/5/5
f 2481/5/5 2475/5/5 2480/5/5
f 2484/10/5 2477/10/5 2476/10/5
f 2485/10/5 2477/10/5 2484/10/5
f 2486/5/5 2483/5/5 2482/5/5
f 2487/5/5 2483/5/5 2486/5/5
f 2492/10/5 2489/10/5 2488/10/5
f 2493/10/5 2489/10/5 2492/10/5
f 2494/5/5 2491/5/5 2490/5/5
f 2495/5/5 2491/5/5 2494/5/5
f 2500/10/5 2497/10/5 2496/10/5
f 2501/10/5 2497/10/5 2500/10/5
f 2502/5/5 2499/5/5 2498/5/5
f 2503/5/5 2499/5/5 2502/5/5
f 2508/5/5 2505/5/5 2504/5/5
f 2509/5/5 2505/5/5 2508/5/5
f 2510/10/5 2507/10/5 2506/10/5
f 2511/10/5 2507/10/5 2510/10/5
f 2516/5/5 2513/5/5 2512/5/5
f 2517/5/5 2513/5/5 2516/5/5
f 2518/10/5 2515/10/5 2514/10/5
f 2519/10/5 2515/10/5 2518/10/5
f 2524/5/5 2521/5/5 2520/5/5
f 2525/5/5 2521/5/5 2524/5/5
f 2530/10/5 2523/10/5 2522/10/5
f 2531/10/5 2523/10/5 2530/10/5
f 2532/5/5 2527/5/5 2526/5/5
f 2533/5/5 2527/5/5 2532/5/5
f 2534/10/5 2529/10/5 2528/10/5
f 2535/10/5 2529/10/5 2534/10/5
f 2536/5/6 2537/5/6 2542/5/6
f 2542/5/6 2537/5/6 2543/5/6
f 2538/10/6 2539/10/6 2544/10/6
f 2544/10/6 2539/10/6 2545/10/6
f 2540/5/6 2541/5/6 2548/5/6
f 2548/5/6 2541/5/6 2549/5/6
f 2546/10/6 2547/10/6 2550/10/6
f 2550/10/6 2547/10/6 2551/10/6
f 2552/5/6 2553/5/6 2556/5/6
f 2556/5/6 2553/5/6 2557/5/6
f 2554/10/6 2555/10/6 2558/10/6
f 2558/10/6 2555/10/6 2559/10/6
f 2560/5/6 2561/5/6 2564/5/6
f 2564/5/6 2561/5/6 2565/5/6
f 2562/10/6 2563/10/6 2566/10/6
f 2566/10/6 2563/10/6 2567/10/6
f 2568/10/6 2569/10/6 2572/10/6
f 2572/10/6 2569/10/6 2573/10/6
f 2570/5/6 2571/5/6 2574/5/6
f 2574/5/6 2571/5/6 2575/5/6
f 2576/10/6 2577/10/6 2580/10/6
f 2580/10/6 2577/10/6 2581/10/6
f 2578/5/6 2579/5/6 2582/5/6
f 2582/5/6 2579/5/6 2583/5/6
f 2584/10/6 2585/10/6 2588/10/6
f 2588/10/6 2585/10/6 2589/10/6
f 2586/5/6 2587/5/6 2594/5/6
f 2594/5/6 2587/5/6 2595/5/6
f 2590/10/6 2591/10/6 2596/10/6
f 2596/10/6 2591/10/6 2597/10/6
f 2592/5/6 2593/5/6 2598/5/6
f 2598/5/6 2593/5/6 2599/5/6
f 2600/5/6 2601/5/6 2604/5/6
f 2604/5/6 2601/5/6 2605/5/6
f 2602/10/6 2603/10/6 2606/10/6
f 2606/10/6 2603/10/6 2607/10/6
f 2608/4/6 2609/4/6 2612/4/6
f 2612/4/6 2609/4/6 2613/4/6
f 2610/9/6 2611/9/6 2614/9/6
f 2614/9/6 2611/9/6 2615/9/6
f 2616/5/6 2617/5/6 2620/5/6
f 2620/5/6 2617/5/6 2621/5/6
f 2618/10/6 2619/10/6 2622/10/6
f 2622/10/6 2619/10/6 2623/10/6
f 2624/10/6 2625/10/6 2628/10/6
f 2628/10/6 2625/10/6 2629/10/6
f 2626/5/6 2627/5/6 2630/5/6
f 2630/5/6 2627/5/6 2631/5/6
f 2632/9/6 2633/9/6 2636/9/6
f 2636/9/6 2633/9/6 2637/9/6
f 2634/4/6 2635/4/6 2638/4/6
f 2638/4/6 2635/4/6 2639/4/6
f 2640/10/6 2641/10/6 2644/10/6
f 2644/10/6 2641/10/6 2645/10/6
f 2642/5/6 2643/5/6 2646/5/6
f 2646/5/6 2643/5/6 2647/5/6
f 2648/5/6 2649/5/6 2653/5/6
f 2649/10/6 2650/10/6 2654/10/6
f 2653/5/6 2649/5/6 2654/5/6
f 2654/10/6 2650/10/6 2655/10/6
f 2651/3/6 2652/3/6 2658/3/6
f 2658/3/6 2652/3/6 2659/3/6
f 2656/8/6 2657/8/6 2660/8/6
f 2660/8/6 2657/8/6 2661/8/6
f 2662/3/6 2663/3/6 2666/3/6
f 2666/3/6 2663/3/6 2667/3/6
f 2664/8/6 2665/8/6 2668/8/6
f 2668/8/6 2665/8/6 2669/8/6
f 2670/5/6 2671/5/6 2674/5/6
f 2674/5/6 2671/5/6 2675/5/6
f 2672/10/6 2673/10/6 2676/10/6
f 2676/10/6 2673/10/6 2677/10/6
f 2674/10/6 2675/10/6 2678/10/6
f 2678/10/6 2675/10/6 2679/10/6
f 2676/5/6 2677/5/6 2680/5/6
f 2680/5/6 2677/5/6 2681/5/6
f 2682/8/6 2683/8/6 2686/8/6
f 2686/8/6 2683/8/6 2687/8/6
f 2684/3/6 2685/3/6 2688/3/6
f 2688/3/6 2685/3/6 2689/3/6
f 2690/8/6 2691/8/6 2694/8/6
f 2694/8/6 2691/8/6 2695/8/6
f 2692/3/6 2693/3/6 2699/3/6
f 2699/3/6 2693/3/6 2700/3/6
f 2696/10/6 2697/10/6 2701/10/6
f 2697/5/6 2698/5/6 2702/5/6
f 2701/10/6 2697/10/6 2702/10/6
f 2702/5/6 2698/5/6 2703/5/6
f 2704/3/6 2705/3/6 2712/3/6
f 2705/4/6 2706/4/6 2713/4/6
f 2712/3/6 2705/3/6 2713/3/6
f 2713/4/6 2706/4/6 2714/4/6
f 2707/9/6 2708/9/6 2715/9/6
f 2708/8/6 2709/8/6 2716/8/6
f 2715/9/6 2708/9/6 2716/9/6
f 2716/8/6 2709/8/6 2717/8/6
f 2710/2/6 2711/2/6 2721/2/6
f 2721/2/6 2711/2/6 2722/2/6
f 2718/7/6 2719/7/6 2723/7/6
f 2723/7/6 2719/7/6 2724/7/6
f 2720/2/6 2721/2/6 2726/2/6
f 2726/2/6 2721/2/6 2727/2/6
f 2724/7/6 2725/7/6 2728/7/6
f 2728/7/6 2725/7/6 2729/7/6
f 2730/3/6 2731/3/6 2734/3/6
f 2734/3/6 2731/3/6 2735/3/6
f 2732/8/6 2733/8/6 2736/8/6
f 2736/8/6 2733/8/6 2737/8/6
f 2734/4/6 2735/4/6 2738/4/6
f 2738/4/6 2735/4/6 2739/4/6
f 2736/9/6 2737/9/6 2740/9/6
f 2740/9/6 2737/9/6 2741/9/6
f 2742/9/6 2743/9/6 2746/9/6
f 2746/9/6 2743/9/6 2747/9/6
f 2744/4/6 2745/4/6 2748/4/6
f 2748/4/6 2745/4/6 2749/4/6
f 2746/8/6 2747/8/6 2750/8/6
f 2750/8/6 2747/8/6 2751/8/6
f 2748/3/6 2749/3/6 2752/3/6
f 2752/3/6 2749/3/6 2753/3/6
f 2754/7/6 2755/7/6 2758/7/6
f 2758/7/6 2755/7/6 2759/7/6
f 2756/2/6 2757/2/6 2762/2/6
f 2762/2/6 2757/2/6 2763/2/6
f 2759/7/6 2760/7/6 2764/7/6
f 2764/7/6 2760/7/6 2765/7/6
f 2761/2/6 2762/2/6 2772/2/6
f 2772/2/6 2762/2/6 2773/2/6
f 2766/8/6 2767/8/6 2774/8/6
f 2767/9/6 2768/9/6 2775/9/6
f 2774/8/6 2767/8/6 2775/8/6
f 2775/9/6 2768/9/6 2776/9/6
f 2769/4/6 2770/4/6 2777/4/6
f 2770/3/6 2771/3/6 2778/3/6
f 2777/4/6 2770/4/6 2778/4/6
f 2778/3/6 2771/3/6 2779/3/6
f 2780/4/6 2781/4/6 2786/4/6
f 2781/10/6 2782/10/6 2787/10/6
f 2786/4/6 2781/4/6 2787/4/6
f 2787/10/6 2782/10/6 2788/10/6
f 2783/2/6 2784/2/6 2793/2/6
f 2784/3/6 2785/3/6 2794/3/6
f 2793/2/6 2784/2/6 2794/2/6
f 2794/3/6 2785/3/6 2795/3/6
f 2789/8/6 2790/8/6 2796/8/6
f 2790/7/6 2791/7/6 2797/7/6
f 2796/8/6 2790/8/6 2797/8/6
f 2797/7/6 2791/7/6 2798/7/6
f 2792/1/6 2793/1/6 2801/1/6
f 2801/1/6 2793/1/6 2802/1/6
f 2798/6/6 2799/6/6 2803/6/6
f 2803/6/6 2799/6/6 2804/6/6
f 2800/2/6 2801/2/6 2806/2/6
f 2806/2/6 2801/2/6 2807/2/6
f 2804/7/6 2805/7/6 2808/7/6
f 2808/7/6 2805/7/6 2809/7/6
f 2806/3/6 2807/3/6 2810/3/6
f 2810/3/6 2807/3/6 2811/3/6
f 2808/8/6 2809/8/6 2812/8/6
f 2812/8/6 2809/8/6 2813/8/6
f 2814/5/6 2815/5/6 2818/5/6
f 2818/5/6 2815/5/6 2819/5/6
f 2816/9/6 2817/9/6 2820/9/6
f 2820/9/6 2817/9/6 2821/9/6
f 2818/9/6 2819/9/6 2822/9/6
f 2822/9/6 2819/9/6 2823/9/6
f 2820/5/6 2821/5/6 2824/5/6
f 2824/5/6 2821/5/6 2825/5/6
f 2826/8/6 2827/8/6 2830/8/6
f 2830/8/6 2827/8/6 2831/8/6
f 2828/3/6 2829/3/6 2832/3/6
f 2832/3/6 2829/3/6 2833/3/6
f 2830/7/6 2831/7/6 2834/7/6
f 2834/7/6 2831/7/6 2835/7/6
f 2832/2/6 2833/2/6 2838/2/6
f 2838/2/6 2833/2/6 2839/2/6
f 2835/6/6 2836/6/6 2840/6/6
f 2840/6/6 2836/6/6 2841/6/6
f 2837/1/6 2838/1/6 2846/1/6
f 2846/1/6 2838/1/6 2847/1/6
f 2841/7/6 2842/7/6 2848/7/6
f 2842/8/6 2843/8/6 2849/8/6
f 2848/7/6 2842/7/6 2849/7/6
f 2849/8/6 2843/8/6 2850/8/6
f 2844/3/6 2845/3/6 2854/3/6
f 2845/2/6 2846/2/6 2855/2/6
f 2854/3/6 2845/3/6 2855/3/6
f 2855/2/6 2846/2/6 2856/2/6
f 2851/10/6 2852/10/6 2857/10/6
f 2852/4/6 2853/4/6 2858/4/6
f 2857/10/6 2852/10/6 2858/10/6
f 2858/4/6 2853/4/6 2859/4/6
f 2860/3/6 2861/3/6 2867/3/6
f 2861/4/6 2862/4/6 2868/4/6
f 2867/3/6 2861/3/6 2868/3/6
f 2862/10/6 2863/10/6 2869/10/6
f 2868/4/6 2862/4/6 2869/4/6
f 2863/9/6 2864/9/6 2870/9/6
f 2869/10/6 2863/10/6 2870/10/6
f 2870/9/6 2864/9/6 2871/9/6
f 2865/2/6 2866/2/6 2875/2/6
f 2866/3/6 2867/3/6 2876/3/6
f 2867/3/6 2868/3/6 2876/3/6
f 2875/2/6 2866/2/6 2876/2/6
f 2876/3/6 2868/3/6 2877/3/6
f 2870/9/6 2871/9/6 2878/9/6
f 2871/8/6 2872/8/6 2879/8/6
f 2878/9/6 2871/9/6 2879/9/6
f 2872/7/6 2873/7/6 2880/7/6
f 2879/8/6 2872/8/6 2880/8/6
f 2880/7/6 2873/7/6 2881/7/6
f 2874/2/6 2875/2/6 2883/2/6
f 2875/1/6 2876/1/6 2884/1/6
f 2883/2/6 2875/2/6 2884/2/6
f 2884/1/6 2876/1/6 2885/1/6
f 2880/6/6 2881/6/6 2886/6/6
f 2881/7/6 2882/7/6 2887/7/6
f 2886/6/6 2881/6/6 2887/6/6
f 2887/7/6 2882/7/6 2888/7/6
f 2883/3/6 2884/3/6 2890/3/6
f 2890/3/6 2884/3/6 2891/3/6
f 2887/8/6 2888/8/6 2892/8/6
f 2892/8/6 2888/8/6 2893/8/6
f 2890/4/6 2891/4/6 2895/4/6
f 2889/4/6 2890/4/6 2895/4/6
f 2895/4/6 2891/4/6 2896/4/6
f 2896/4/6 2891/4/6 2897/4/6
f 2892/9/6 2893/9/6 2898/9/6
f 2893/9/6 2894/9/6 2898/9/6
f 2898/9/6 2894/9/6 2899/9/6
f 2895/5/6 2896/5/6 2900/5/6
f 2900/5/6 2896/5/6 2901/5/6
f 2899/9/6 2894/9/6 2902/9/6
f 2902/9/6 2894/9/6 2903/9/6
f 2900/9/6 2901/9/6 2904/9/6
f 2902/5/6 2903/5/6 2907/5/6
f 2907/5/6 2903/5/6 2908/5/6
f 2904/9/6 2905/9/6 2909/9/6
f 2900/9/6 2904/9/6 2909/9/6
f 2909/9/6 2905/9/6 2910/9/6
f 2910/9/6 2905/9/6 2911/9/6
f 2907/4/6 2908/4/6 2912/4/6
f 2906/4/6 2907/4/6 2912/4/6
f 2912/4/6 2908/4/6 2913/4/6
f 2913/4/6 2908/4/6 2914/4/6
f 2910/8/6 2911/8/6 2915/8/6
f 2915/8/6 2911/8/6 2916/8/6
f 2912/3/6 2913/3/6 2919/3/6
f 2919/3/6 2913/3/6 2920/3/6
f 2915/7/6 2916/7/6 2921/7/6
f 2916/6/6 2917/6/6 2922/6/6
f 2921/7/6 2916/7/6 2922/7/6
f 2922/6/6 2917/6/6 2923/6/6
f 2918/1/6 2919/1/6 2927/1/6
f 2919/2/6 2920/2/6 2928/2/6
f 2927/1/6 2919/1/6 2928/1/6
f 2928/2/6 2920/2/6 2929/2/6
f 2922/7/6 2923/7/6 2930/7/6
f 2923/8/6 2924/8/6 2931/8/6
f 2930/7/6 2923/7/6 2931/7/6
f 2924/9/6 2925/9/6 2932/9/6
f 2931/8/6 2924/8/6 2932/8/6
f 2932/9/6 2925/9/6 2933/9/6
f 2926/3/6 2927/3/6 2935/3/6
f 2935/3/6 2927/3/6 2936/3/6
f 2927/2/6 2928/2/6 2937/2/6
f 2936/3/6 2927/3/6 2937/3/6
f 2937/2/6 2928/2/6 2938/2/6
f 2932/9/6 2933/9/6 2939/9/6
f 2933/10/6 2934/10/6 2940/10/6
f 2939/9/6 2933/9/6 2940/9/6
f 2934/4/6 2935/4/6 2941/4/6
f 2940/10/6 2934/10/6 2941/10/6
f 2935/3/6 2936/3/6 2942/3/6
f 2941/4/6 2935/4/6 2942/4/6
f 2942/3/6 2936/3/6 2943/3/6
f 2944/4/6 2945/4/6 2948/4/6
f 2945/10/6 2946/10/6 2949/10/6
f 2947/3/6 2948/3/6 2953/3/6
f 2953/3/6 2948/3/6 2954/3/6
f 2948/4/6 2945/4/6 2955/4/6
f 2954/3/6 2948/3/6 2955/3/6
f 2945/10/6 2949/10/6 2956/10/6
f 2955/4/6 2945/4/6 2956/4/6
f 2949/9/6 2950/9/6 2957/9/6
f 2956/10/6 2949/10/6 2957/10/6
f 2950/8/6 2951/8/6 2958/8/6
f 2953/3/6 2954/3/6 2960/3/6
f 2952/3/6 2953/3/6 2960/3/6
f 2954/4/6 2955/4/6 2961/4/6
f 2960/3/6 2954/3/6 2961/3/6
f 2961/4/6 2955/4/6 2962/4/6
f 2957/9/6 2950/9/6 2963/9/6
f 2958/8/6 2959/8/6 2964/8/6
f 2963/9/6 2950/9/6 2964/9/6
f 2950/8/6 2958/8/6 2964/8/6
f 2964/8/6 2959/8/6 2965/8/6
f 2960/4/6 2961/4/6 2967/4/6
f 2967/4/6 2961/4/6 2968/4/6
f 2968/4/6 2961/4/6 2969/4/6
f 2964/9/6 2965/9/6 2970/9/6
f 2970/9/6 2965/9/6 2971/9/6
f 2971/9/6 2965/9/6 2972/9/6
f 2966/5/6 2967/5/6 2974/5/6
f 2967/5/6 2968/5/6 2974/5/6
f 2974/5/6 2968/5/6 2975/5/6
f 2971/9/6 2972/9/6 2976/9/6
f 2972/9/6 2973/9/6 2976/9/6
f 2976/9/6 2973/9/6 2977/9/6
f 2974/9/6 2975/9/6 2978/9/6
f 2978/9/6 2975/9/6 2979/9/6
f 2979/9/6 2975/9/6 2980/9/6
f 2976/5/6 2977/5/6 2983/5/6
f 2983/5/6 2977/5/6 2984/5/6
f 2984/5/6 2977/5/6 2985/5/6
f 2980/9/6 2981/9/6 2986/9/6
f 2979/9/6 2980/9/6 2986/9/6
f 2986/9/6 2981/9/6 2987/9/6
f 2983/4/6 2984/4/6 2990/4/6
f 2982/4/6 2983/4/6 2990/4/6
f 2990/4/6 2984/4/6 2991/4/6
f 2986/8/6 2987/8/6 2992/8/6
f 2992/8/6 2987/8/6 2993/8/6
f 2987/9/6 2988/9/6 2994/9/6
f 2989/4/6 2990/4/6 2996/4/6
f 2990/3/6 2991/3/6 2997/3/6
f 2996/4/6 2990/4/6 2997/4/6
f 2997/3/6 2991/3/6 2998/3/6
f 2998/3/6 2991/3/6 2999/3/6
f 2993/8/6 2987/8/6 3000/8/6
f 2987/9/6 2994/9/6 3001/9/6
f 3000/8/6 2987/8/6 3001/8/6
f 2994/10/6 2995/10/6 3002/10/6
f 3001/9/6 2994/9/6 3002/9/6
f 2995/4/6 2996/4/6 3003/4/6
f 2997/3/6 2998/3/6 3003/3/6
f 2996/3/6 2997/3/6 3003/3/6
f 3003/3/6 2998/3/6 3004/3/6
f 3002/10/6 2995/10/6 3005/10/6
f 2995/4/6 3003/4/6 3006/4/6
f 3005/10/6 2995/10/6 3006/10/6
f 3006/4/6 3003/4/6 3007/4/6
f 3008/5/6 3009/5/6 3012/5/6
f 3009/10/6 3010/10/6 3013/10/6
f 3012/5/6 3009/5/6 3013/5/6
f 3013/10/6 3010/10/6 3014/10/6
f 3011/5/6 3012/5/6 3017/5/6
f 3012/4/6 3013/4/6 3018/4/6
f 3017/5/6 3012/5/6 3018/5/6
f 3013/9/6 3014/9/6 3019/9/6
f 3018/4/6 3013/4/6 3019/4/6
f 3014/10/6 3015/10/6 3020/10/6
f 3019/9/6 3014/9/6 3020/9/6
f 3020/10/6 3015/10/6 3021/10/6
f 3016/5/6 3017/5/6 3023/5/6
f 3017/4/6 3018/4/6 3024/4/6
f 3023/5/6 3017/5/6 3024/5/6
f 3018/5/6 3019/5/6 3025/5/6
f 3024/4/6 3018/4/6 3025/4/6
f 3019/10/6 3020/10/6 3026/10/6
f 3025/5/6 3019/5/6 3026/5/6
f 3020/9/6 3021/9/6 3027/9/6
f 3026/10/6 3020/10/6 3027/10/6
f 3021/10/6 3022/10/6 3028/10/6
f 3027/9/6 3021/9/6 3028/9/6
f 3028/10/6 3022/10/6 3029/10/6
f 3023/10/6 3024/10/6 3030/10/6
f 3024/9/6 3025/9/6 3031/9/6
f 3030/10/6 3024/10/6 3031/10/6
f 3025/10/6 3026/10/6 3032/10/6
f 3031/9/6 3025/9/6 3032/9/6
f 3026/5/6 3027/5/6 3033/5/6
f 3032/10/6 3026/10/6 3033/10/6
f 3027/4/6 3028/4/6 3034/4/6
f 3033/5/6 3027/5/6 3034/5/6
f 3028/5/6 3029/5/6 3035/5/6
f 3034/4/6 3028/4/6 3035/4/6
f 3035/5/6 3029/5/6 3036/5/6
f 3031/10/6 3032/10/6 3037/10/6
f 3032/9/6 3033/9/6 3038/9/6
f 3037/10/6 3032/10/6 3038/10/6
f 3033/4/6 3034/4/6 3039/4/6
f 3038/9/6 3033/9/6 3039/9/6
f 3034/5/6 3035/5/6 3040/5/6
f 3039/4/6 3034/4/6 3040/4/6
f 3040/5/6 3035/5/6 3041/5/6
f 3038/10/6 3039/10/6 3042/10/6
f 3039/5/6 3040/5/6 3043/5/6
f 3042/10/6 3039/10/6 3043/10/6
f 3043/5/6 3040/5/6 3044/5/6
